institute,city,state,course,quota,category,opening_rank,closing_rank,allotments
"AB Shetty Memorial Inst. of Dental Sce., Mangaluru",Mangaluru,Karnataka,BDS,Non-Resident Indian,General,584920,937836,6
"AB Shetty Memorial Inst. of Dental Sce., Mangaluru",Mangaluru,Karnataka,BDS,Self-Financed Merit Seat,General,88211,521022,162
"ACS Medical College and Hospital, Chennai",Chennai,Tamil Nadu,MBBS,Self-Financed Merit Seat,General,53014,1088217,348
ACSR Government Medical College,,Andhra Pradesh,MBBS,All India,EWS,18469,21393,6
ACSR Government Medical College,,Andhra Pradesh,MBBS,All India,General,8440,19933,22
ACSR Government Medical College,,Andhra Pradesh,MBBS,All India,OBC,14607,21867,14
ACSR Government Medical College,,Andhra Pradesh,MBBS,All India,SC,52073,68164,7
ACSR Government Medical College,,Andhra Pradesh,MBBS,All India,ST,101685,104835,6
AGARTALA GOVT. DENTAL COLLEGE,,Tripura,BDS,All India,General,24302,29897,6
AGARTALA GOVT. DENTAL COLLEGE,,Tripura,BDS,All India,OBC,30382,34240,4
AGARTALA GOVT. DENTAL COLLEGE,,Tripura,BDS,All India,SC,101888,136594,4
AGARTALA GOVT. DENTAL COLLEGE,,Tripura,BDS,All India,ST,145686,147178,2
AIIMS Bathinda,,Rajasthan,MBBS,Open Seat Quota,EWS,1963,2928,18
AIIMS Bathinda,,Rajasthan,MBBS,Open Seat Quota,General,404,1746,79
AIIMS Bathinda,,Rajasthan,MBBS,Open Seat Quota,OBC,1642,2190,50
AIIMS Bathinda,,Rajasthan,MBBS,Open Seat Quota,SC,8488,18819,25
AIIMS Bathinda,,Rajasthan,MBBS,Open Seat Quota,ST,9977,28998,15
"AIIMS Bilaspur Changar Palasiyan, Himachal Pradesh",Himachal Pradesh,Himachal Pradesh,MBBS,Open Seat Quota,EWS,2484,3468,20
"AIIMS Bilaspur Changar Palasiyan, Himachal Pradesh",Himachal Pradesh,Himachal Pradesh,MBBS,Open Seat Quota,General,892,2455,86
"AIIMS Bilaspur Changar Palasiyan, Himachal Pradesh",Himachal Pradesh,Himachal Pradesh,MBBS,Open Seat Quota,OBC,2263,2927,57
"AIIMS Bilaspur Changar Palasiyan, Himachal Pradesh",Himachal Pradesh,Himachal Pradesh,MBBS,Open Seat Quota,SC,6497,20129,25
"AIIMS Bilaspur Changar Palasiyan, Himachal Pradesh",Himachal Pradesh,Himachal Pradesh,MBBS,Open Seat Quota,ST,10596,31646,16
AIIMS Guwahati,,Assam,MBBS,Open Seat Quota,EWS,3818,4882,16
AIIMS Guwahati,,Assam,MBBS,Open Seat Quota,General,1245,3128,66
AIIMS Guwahati,,Assam,MBBS,Open Seat Quota,OBC,3046,3833,50
AIIMS Guwahati,,Assam,MBBS,Open Seat Quota,SC,8048,29371,25
AIIMS Guwahati,,Assam,MBBS,Open Seat Quota,ST,20546,37116,9
AIIMS Jammu,,Jammu and Kashmir,MBBS,Open Seat Quota,EWS,3423,4748,15
AIIMS Jammu,,Jammu and Kashmir,MBBS,Open Seat Quota,General,747,3469,83
AIIMS Jammu,,Jammu and Kashmir,MBBS,Open Seat Quota,OBC,3361,3891,59
AIIMS Jammu,,Jammu and Kashmir,MBBS,Open Seat Quota,SC,15771,27631,28
AIIMS Jammu,,Jammu and Kashmir,MBBS,Open Seat Quota,ST,8631,35724,14
AIIMS Mangalagiri,,Andhra Pradesh,MBBS,Open Seat Quota,EWS,1765,3021,18
AIIMS Mangalagiri,,Andhra Pradesh,MBBS,Open Seat Quota,General,342,1364,73
AIIMS Mangalagiri,,Andhra Pradesh,MBBS,Open Seat Quota,OBC,1353,2344,47
AIIMS Mangalagiri,,Andhra Pradesh,MBBS,Open Seat Quota,SC,4057,16901,24
AIIMS Mangalagiri,,Andhra Pradesh,MBBS,Open Seat Quota,ST,13644,21776,13
AIIMS Rajkot,,Gujarat,MBBS,Open Seat Quota,EWS,2279,3379,12
AIIMS Rajkot,,Gujarat,MBBS,Open Seat Quota,General,371,2408,52
AIIMS Rajkot,,Gujarat,MBBS,Open Seat Quota,OBC,2072,2979,38
AIIMS Rajkot,,Gujarat,MBBS,Open Seat Quota,SC,12186,21106,18
AIIMS Rajkot,,Gujarat,MBBS,Open Seat Quota,ST,24802,31646,9
"AIIMS, Bhubaneswar",Bhubaneswar,Odisha,MBBS,Open Seat Quota,EWS,943,1660,16
"AIIMS, Bhubaneswar",Bhubaneswar,Odisha,MBBS,Open Seat Quota,General,80,708,63
"AIIMS, Bhubaneswar",Bhubaneswar,Odisha,MBBS,Open Seat Quota,OBC,784,1233,55
"AIIMS, Bhubaneswar",Bhubaneswar,Odisha,MBBS,Open Seat Quota,SC,954,5396,24
"AIIMS, Bhubaneswar",Bhubaneswar,Odisha,MBBS,Open Seat Quota,ST,1504,10926,12
"AIIMS, Bibi Nagar, Hyderabad",Hyderabad,Telangana,MBBS,Open Seat Quota,EWS,2397,3180,16
"AIIMS, Bibi Nagar, Hyderabad",Hyderabad,Telangana,MBBS,Open Seat Quota,General,668,1861,67
"AIIMS, Bibi Nagar, Hyderabad",Hyderabad,Telangana,MBBS,Open Seat Quota,OBC,1712,2638,48
"AIIMS, Bibi Nagar, Hyderabad",Hyderabad,Telangana,MBBS,Open Seat Quota,SC,4258,18227,23
"AIIMS, Bibi Nagar, Hyderabad",Hyderabad,Telangana,MBBS,Open Seat Quota,ST,4788,28792,8
"AIIMS, Deogarh",Deogarh,Jharkhand,MBBS,Open Seat Quota,EWS,3605,4685,24
"AIIMS, Deogarh",Deogarh,Jharkhand,MBBS,Open Seat Quota,General,901,3250,93
"AIIMS, Deogarh",Deogarh,Jharkhand,MBBS,Open Seat Quota,OBC,3171,3796,58
"AIIMS, Deogarh",Deogarh,Jharkhand,MBBS,Open Seat Quota,SC,18915,27272,33
"AIIMS, Deogarh",Deogarh,Jharkhand,MBBS,Open Seat Quota,ST,37277,40599,18
"AIIMS, Gorakhpur",Gorakhpur,Uttar Pradesh,MBBS,Open Seat Quota,EWS,2458,3135,19
"AIIMS, Gorakhpur",Gorakhpur,Uttar Pradesh,MBBS,Open Seat Quota,General,832,2121,89
"AIIMS, Gorakhpur",Gorakhpur,Uttar Pradesh,MBBS,Open Seat Quota,OBC,2130,2443,59
"AIIMS, Gorakhpur",Gorakhpur,Uttar Pradesh,MBBS,Open Seat Quota,SC,5040,20040,27
"AIIMS, Gorakhpur",Gorakhpur,Uttar Pradesh,MBBS,Open Seat Quota,ST,6333,33950,18
"AIIMS, Jodhpur",Jodhpur,Rajasthan,MBBS,Open Seat Quota,EWS,347,879,17
"AIIMS, Jodhpur",Jodhpur,Rajasthan,MBBS,Open Seat Quota,General,53,344,72
"AIIMS, Jodhpur",Jodhpur,Rajasthan,MBBS,Open Seat Quota,OBC,205,724,40
"AIIMS, Jodhpur",Jodhpur,Rajasthan,MBBS,Open Seat Quota,SC,918,3941,25
"AIIMS, Jodhpur",Jodhpur,Rajasthan,MBBS,Open Seat Quota,ST,1133,4457,11
"AIIMS, Kalyani",Kalyani,West Bengal,MBBS,Open Seat Quota,EWS,2852,4056,25
"AIIMS, Kalyani",Kalyani,West Bengal,MBBS,Open Seat Quota,General,762,2226,72
"AIIMS, Kalyani",Kalyani,West Bengal,MBBS,Open Seat Quota,OBC,2282,3049,58
"AIIMS, Kalyani",Kalyani,West Bengal,MBBS,Open Seat Quota,SC,11376,18490,22
"AIIMS, Kalyani",Kalyani,West Bengal,MBBS,Open Seat Quota,ST,17584,37522,15
"AIIMS, Madurai",Madurai,Tamil Nadu,MBBS,Open Seat Quota,EWS,4839,6109,8
"AIIMS, Madurai",Madurai,Tamil Nadu,MBBS,Open Seat Quota,General,819,4377,35
"AIIMS, Madurai",Madurai,Tamil Nadu,MBBS,Open Seat Quota,OBC,3441,4724,25
"AIIMS, Madurai",Madurai,Tamil Nadu,MBBS,Open Seat Quota,SC,18648,31463,14
"AIIMS, Madurai",Madurai,Tamil Nadu,MBBS,Open Seat Quota,ST,41407,44940,8
"AIIMS, Nagpur",Nagpur,Maharashtra,MBBS,Open Seat Quota,EWS,1187,1839,19
"AIIMS, Nagpur",Nagpur,Maharashtra,MBBS,Open Seat Quota,General,67,792,74
"AIIMS, Nagpur",Nagpur,Maharashtra,MBBS,Open Seat Quota,OBC,810,1350,50
"AIIMS, Nagpur",Nagpur,Maharashtra,MBBS,Open Seat Quota,SC,1710,8360,21
"AIIMS, Nagpur",Nagpur,Maharashtra,MBBS,Open Seat Quota,ST,4160,13431,13
"AIIMS, New Delhi",New Delhi,Delhi,MBBS,Foreign Country Quota,General,6216,13969,7
"AIIMS, New Delhi",New Delhi,Delhi,MBBS,Open Seat Quota,EWS,76,292,12
"AIIMS, New Delhi",New Delhi,Delhi,MBBS,Open Seat Quota,General,1,52,48
"AIIMS, New Delhi",New Delhi,Delhi,MBBS,Open Seat Quota,OBC,54,192,31
"AIIMS, New Delhi",New Delhi,Delhi,MBBS,Open Seat Quota,SC,55,793,18
"AIIMS, New Delhi",New Delhi,Delhi,MBBS,Open Seat Quota,ST,260,987,10
"AIIMS, Patna",Patna,Bihar,MBBS,Open Seat Quota,EWS,2023,2675,19
"AIIMS, Patna",Patna,Bihar,MBBS,Open Seat Quota,General,850,1593,79
"AIIMS, Patna",Patna,Bihar,MBBS,Open Seat Quota,OBC,1361,2067,54
"AIIMS, Patna",Patna,Bihar,MBBS,Open Seat Quota,SC,8218,18440,28
"AIIMS, Patna",Patna,Bihar,MBBS,Open Seat Quota,ST,13256,24984,19
"AIIMS, Rai Bareli",Rai Bareli,Uttar Pradesh,MBBS,Open Seat Quota,EWS,2762,4168,25
"AIIMS, Rai Bareli",Rai Bareli,Uttar Pradesh,MBBS,Open Seat Quota,General,1427,2941,94
"AIIMS, Rai Bareli",Rai Bareli,Uttar Pradesh,MBBS,Open Seat Quota,OBC,2719,3218,64
"AIIMS, Rai Bareli",Rai Bareli,Uttar Pradesh,MBBS,Open Seat Quota,SC,19349,23101,35
"AIIMS, Rai Bareli",Rai Bareli,Uttar Pradesh,MBBS,Open Seat Quota,ST,26094,35875,15
"AIIMS, Raipur",Raipur,Chhattisgarh,MBBS,Open Seat Quota,EWS,1964,2323,20
"AIIMS, Raipur",Raipur,Chhattisgarh,MBBS,Open Seat Quota,General,323,1008,83
"AIIMS, Raipur",Raipur,Chhattisgarh,MBBS,Open Seat Quota,OBC,1185,1752,61
"AIIMS, Raipur",Raipur,Chhattisgarh,MBBS,Open Seat Quota,SC,8512,12796,31
"AIIMS, Raipur",Raipur,Chhattisgarh,MBBS,Open Seat Quota,ST,13037,16950,15
"AIIMS, Rishikesh",Rishikesh,Uttarakhand,MBBS,Open Seat Quota,EWS,548,1089,14
"AIIMS, Rishikesh",Rishikesh,Uttarakhand,MBBS,Open Seat Quota,General,63,565,64
"AIIMS, Rishikesh",Rishikesh,Uttarakhand,MBBS,Open Seat Quota,OBC,590,979,45
"AIIMS, Rishikesh",Rishikesh,Uttarakhand,MBBS,Open Seat Quota,SC,1748,6429,24
"AIIMS, Rishikesh",Rishikesh,Uttarakhand,MBBS,Open Seat Quota,ST,5403,8532,13
AIIMS-Bhopal,,Madhya Pradesh,MBBS,Open Seat Quota,EWS,572,1220,18
AIIMS-Bhopal,,Madhya Pradesh,MBBS,Open Seat Quota,General,90,571,70
AIIMS-Bhopal,,Madhya Pradesh,MBBS,Open Seat Quota,OBC,615,1085,44
AIIMS-Bhopal,,Madhya Pradesh,MBBS,Open Seat Quota,SC,1052,7782,24
AIIMS-Bhopal,,Madhya Pradesh,MBBS,Open Seat Quota,ST,1255,9102,12
"Aarupadai Veedu Medical College, Pondicherry",Pondicherry,Puducherry,MBBS,Self-Financed Merit Seat,General,265028,1182026,247
Agartala Government Medical College,,Tripura,MBBS,All India,EWS,22912,28531,6
Agartala Government Medical College,,Tripura,MBBS,All India,General,7373,23141,21
Agartala Government Medical College,,Tripura,MBBS,All India,OBC,18488,25219,16
Agartala Government Medical College,,Tripura,MBBS,All India,SC,56777,89424,7
Agartala Government Medical College,,Tripura,MBBS,All India,ST,42507,100405,2
"All India Institute of Medical Sciences, Rewari",Rewari,Haryana,MBBS,Open Seat Quota,EWS,4785,5492,8
"All India Institute of Medical Sciences, Rewari",Rewari,Haryana,MBBS,Open Seat Quota,General,1414,4123,35
"All India Institute of Medical Sciences, Rewari",Rewari,Haryana,MBBS,Open Seat Quota,OBC,3956,4512,22
"All India Institute of Medical Sciences, Rewari",Rewari,Haryana,MBBS,Open Seat Quota,SC,14633,29797,12
"All India Institute of Medical Sciences, Rewari",Rewari,Haryana,MBBS,Open Seat Quota,ST,25682,39811,6
"Amrita School of Dentistry, Kochi",Kochi,Kerala,BDS,Non-Resident Indian,General,487727,648903,5
"Amrita School of Dentistry, Kochi",Kochi,Kerala,BDS,Self-Financed Merit Seat,General,159923,516778,69
Amrita School of Medicine,,Haryana,MBBS,Non-Resident Indian,General,457248,973592,2
Amrita School of Medicine,,Haryana,MBBS,Self-Financed Merit Seat,General,27432,261464,192
"Amrita School of Medicine, Elamkara, Kochi",Kochi,Kerala,MBBS,Non-Resident Indian,General,332905,969765,15
"Amrita School of Medicine, Elamkara, Kochi",Kochi,Kerala,MBBS,Self-Financed Merit Seat,General,15292,289975,194
"Andaman & Nicobar Islands Institute of Medical Sciences, Port Blair",Port Blair,Andaman and Nicobar Islands,MBBS,All India,EWS,19170,27226,4
"Andaman & Nicobar Islands Institute of Medical Sciences, Port Blair",Port Blair,Andaman and Nicobar Islands,MBBS,All India,General,11901,22511,12
"Andaman & Nicobar Islands Institute of Medical Sciences, Port Blair",Port Blair,Andaman and Nicobar Islands,MBBS,All India,OBC,18526,25221,10
"Andaman & Nicobar Islands Institute of Medical Sciences, Port Blair",Port Blair,Andaman and Nicobar Islands,MBBS,All India,SC,50486,100559,6
"Andaman & Nicobar Islands Institute of Medical Sciences, Port Blair",Port Blair,Andaman and Nicobar Islands,MBBS,All India,ST,116475,116475,2
"Andhra Medical College, Visakhapatnam",Visakhapatnam,Andhra Pradesh,MBBS,All India,EWS,4813,5900,5
"Andhra Medical College, Visakhapatnam",Visakhapatnam,Andhra Pradesh,MBBS,All India,General,1771,5972,31
"Andhra Medical College, Visakhapatnam",Visakhapatnam,Andhra Pradesh,MBBS,All India,OBC,4483,7997,18
"Andhra Medical College, Visakhapatnam",Visakhapatnam,Andhra Pradesh,MBBS,All India,SC,20846,48209,11
"Andhra Medical College, Visakhapatnam",Visakhapatnam,Andhra Pradesh,MBBS,All India,ST,44678,51121,4
"Anugrah Narayan Magadh Medical College, Gaya",Gaya,Bihar,MBBS,All India,EWS,12754,16834,4
"Anugrah Narayan Magadh Medical College, Gaya",Gaya,Bihar,MBBS,All India,General,7669,15178,12
"Anugrah Narayan Magadh Medical College, Gaya",Gaya,Bihar,MBBS,All India,OBC,10619,15619,6
"Anugrah Narayan Magadh Medical College, Gaya",Gaya,Bihar,MBBS,All India,SC,73086,87339,6
"Anugrah Narayan Magadh Medical College, Gaya",Gaya,Bihar,MBBS,All India,ST,92320,101536,4
"Assam Medial College, Dibrugarh",Dibrugarh,Assam,MBBS,All India,EWS,14885,21836,6
"Assam Medial College, Dibrugarh",Dibrugarh,Assam,MBBS,All India,General,6483,18248,30
"Assam Medial College, Dibrugarh",Dibrugarh,Assam,MBBS,All India,OBC,14006,21562,22
"Assam Medial College, Dibrugarh",Dibrugarh,Assam,MBBS,All India,SC,40459,91703,8
"Assam Medial College, Dibrugarh",Dibrugarh,Assam,MBBS,All India,ST,50084,56907,4
"Atal Bihari Vajpayee Institute of Medical Sciences and Dr. RML Hospital, New Delhi",New Delhi,Delhi,MBBS,All India,EWS,842,842,1
"Atal Bihari Vajpayee Institute of Medical Sciences and Dr. RML Hospital, New Delhi",New Delhi,Delhi,MBBS,All India,General,133,174,11
"Atal Bihari Vajpayee Institute of Medical Sciences and Dr. RML Hospital, New Delhi",New Delhi,Delhi,MBBS,All India,OBC,453,598,3
"Atal Bihari Vajpayee Institute of Medical Sciences and Dr. RML Hospital, New Delhi",New Delhi,Delhi,MBBS,All India,SC,4118,4488,3
"Atal Bihari Vajpayee Institute of Medical Sciences and Dr. RML Hospital, New Delhi",New Delhi,Delhi,MBBS,All India,ST,5703,5703,2
"Atal Bihari Vajpayee Institute of Medical Sciences and Dr. RML Hospital, New Delhi",New Delhi,Delhi,MBBS,Delhi NCR Children/Widows of Personnel of the Armed Forces (CW) IP Quota,EWS,249509,249509,1
"Atal Bihari Vajpayee Institute of Medical Sciences and Dr. RML Hospital, New Delhi",New Delhi,Delhi,MBBS,Delhi NCR Children/Widows of Personnel of the Armed Forces (CW) IP Quota,General,130549,232173,2
"Atal Bihari Vajpayee Institute of Medical Sciences and Dr. RML Hospital, New Delhi",New Delhi,Delhi,MBBS,Delhi NCR Children/Widows of Personnel of the Armed Forces (CW) IP Quota,OBC,484948,484948,1
"Atal Bihari Vajpayee Institute of Medical Sciences and Dr. RML Hospital, New Delhi",New Delhi,Delhi,MBBS,IP University Quota,EWS,4152,4954,8
"Atal Bihari Vajpayee Institute of Medical Sciences and Dr. RML Hospital, New Delhi",New Delhi,Delhi,MBBS,IP University Quota,General,1571,3117,39
"Atal Bihari Vajpayee Institute of Medical Sciences and Dr. RML Hospital, New Delhi",New Delhi,Delhi,MBBS,IP University Quota,OBC,4762,8038,28
"Atal Bihari Vajpayee Institute of Medical Sciences and Dr. RML Hospital, New Delhi",New Delhi,Delhi,MBBS,IP University Quota,SC,10446,49620,19
"Atal Bihari Vajpayee Institute of Medical Sciences and Dr. RML Hospital, New Delhi",New Delhi,Delhi,MBBS,IP University Quota,ST,72372,80375,12
Autonomous State Medical College Kushinagar,,Uttar Pradesh,MBBS,All India,EWS,18149,21695,4
Autonomous State Medical College Kushinagar,,Uttar Pradesh,MBBS,All India,General,13044,19151,10
Autonomous State Medical College Kushinagar,,Uttar Pradesh,MBBS,All India,OBC,16376,19452,8
Autonomous State Medical College Kushinagar,,Uttar Pradesh,MBBS,All India,SC,72878,99016,6
Autonomous State Medical College Kushinagar,,Uttar Pradesh,MBBS,All India,ST,105980,107840,2
Autonomous State Medical College Lalitpur,,Uttar Pradesh,MBBS,All India,EWS,17215,20888,2
Autonomous State Medical College Lalitpur,,Uttar Pradesh,MBBS,All India,General,14560,17676,14
Autonomous State Medical College Lalitpur,,Uttar Pradesh,MBBS,All India,OBC,16810,18519,8
Autonomous State Medical College Lalitpur,,Uttar Pradesh,MBBS,All India,SC,66837,94522,4
Autonomous State Medical College Lalitpur,,Uttar Pradesh,MBBS,All India,ST,97870,106129,2
Autonomous State Medical College Pilibhit,,Uttar Pradesh,MBBS,All India,EWS,16833,17968,4
Autonomous State Medical College Pilibhit,,Uttar Pradesh,MBBS,All India,General,10694,16661,11
Autonomous State Medical College Pilibhit,,Uttar Pradesh,MBBS,All India,OBC,16414,18121,6
Autonomous State Medical College Pilibhit,,Uttar Pradesh,MBBS,All India,SC,83814,87544,4
Autonomous State Medical College Pilibhit,,Uttar Pradesh,MBBS,All India,ST,103777,109837,2
Autonomous State Medical College Pratapgarh,,Uttar Pradesh,MBBS,All India,EWS,16395,19187,2
Autonomous State Medical College Pratapgarh,,Uttar Pradesh,MBBS,All India,General,13143,17142,6
Autonomous State Medical College Pratapgarh,,Uttar Pradesh,MBBS,All India,OBC,14382,18136,8
Autonomous State Medical College Pratapgarh,,Uttar Pradesh,MBBS,All India,SC,82170,86205,4
Autonomous State Medical College Pratapgarh,,Uttar Pradesh,MBBS,All India,ST,95298,105380,4
Autonomous State Medical College Society Ghazipur,,Uttar Pradesh,MBBS,All India,EWS,17980,18680,2
Autonomous State Medical College Society Ghazipur,,Uttar Pradesh,MBBS,All India,General,15270,18489,16
Autonomous State Medical College Society Ghazipur,,Uttar Pradesh,MBBS,All India,OBC,16150,19212,8
Autonomous State Medical College Society Ghazipur,,Uttar Pradesh,MBBS,All India,SC,82848,84025,3
"Autonomous State Medical College Society, Etah, Uttar Pradesh",Uttar Pradesh,Uttar Pradesh,MBBS,All India,EWS,12976,16309,2
"Autonomous State Medical College Society, Etah, Uttar Pradesh",Uttar Pradesh,Uttar Pradesh,MBBS,All India,General,8541,15454,12
"Autonomous State Medical College Society, Etah, Uttar Pradesh",Uttar Pradesh,Uttar Pradesh,MBBS,All India,OBC,12991,15612,8
"Autonomous State Medical College Society, Etah, Uttar Pradesh",Uttar Pradesh,Uttar Pradesh,MBBS,All India,SC,52783,82872,4
"Autonomous State Medical College Society, Etah, Uttar Pradesh",Uttar Pradesh,Uttar Pradesh,MBBS,All India,ST,77810,104408,4
"Autonomous State Medical College Society, Fatehpur",Fatehpur,Uttar Pradesh,MBBS,All India,EWS,14430,19356,4
"Autonomous State Medical College Society, Fatehpur",Fatehpur,Uttar Pradesh,MBBS,All India,General,12305,16874,10
"Autonomous State Medical College Society, Fatehpur",Fatehpur,Uttar Pradesh,MBBS,All India,OBC,14448,17352,8
"Autonomous State Medical College Society, Fatehpur",Fatehpur,Uttar Pradesh,MBBS,All India,SC,72110,88676,4
"Autonomous State Medical College Society, Fatehpur",Fatehpur,Uttar Pradesh,MBBS,All India,ST,77759,95114,2
"Autonomous State Medical College Society, Hardoi",Hardoi,Uttar Pradesh,MBBS,All India,EWS,14727,20358,2
"Autonomous State Medical College Society, Hardoi",Hardoi,Uttar Pradesh,MBBS,All India,General,13301,16288,14
"Autonomous State Medical College Society, Hardoi",Hardoi,Uttar Pradesh,MBBS,All India,OBC,14684,16917,6
"Autonomous State Medical College Society, Hardoi",Hardoi,Uttar Pradesh,MBBS,All India,SC,68398,85663,4
"Autonomous State Medical College Society, Hardoi",Hardoi,Uttar Pradesh,MBBS,All India,ST,95298,99245,2
Autonomous State Medical College Sultanpur,,Uttar Pradesh,MBBS,All India,EWS,17149,21293,4
Autonomous State Medical College Sultanpur,,Uttar Pradesh,MBBS,All India,General,11954,18360,10
Autonomous State Medical College Sultanpur,,Uttar Pradesh,MBBS,All India,OBC,14839,19211,8
Autonomous State Medical College Sultanpur,,Uttar Pradesh,MBBS,All India,SC,78585,94740,6
Autonomous State Medical College Sultanpur,,Uttar Pradesh,MBBS,All India,ST,105459,105459,2
Autonomous State Medical College and Hospital Gonda,,Uttar Pradesh,MBBS,All India,EWS,17708,21757,4
Autonomous State Medical College and Hospital Gonda,,Uttar Pradesh,MBBS,All India,General,13788,18439,12
Autonomous State Medical College and Hospital Gonda,,Uttar Pradesh,MBBS,All India,OBC,16315,19583,8
Autonomous State Medical College and Hospital Gonda,,Uttar Pradesh,MBBS,All India,SC,81381,97268,4
Autonomous State Medical College and Hospital Gonda,,Uttar Pradesh,MBBS,All India,ST,107840,110270,2
Autonomous State Medical College and Hospital Kaushambi,,Uttar Pradesh,MBBS,All India,EWS,18345,19762,2
Autonomous State Medical College and Hospital Kaushambi,,Uttar Pradesh,MBBS,All India,General,9421,19656,11
Autonomous State Medical College and Hospital Kaushambi,,Uttar Pradesh,MBBS,All India,OBC,16855,19766,8
Autonomous State Medical College and Hospital Kaushambi,,Uttar Pradesh,MBBS,All India,SC,77823,96542,4
Autonomous State Medical College and Hospital Kaushambi,,Uttar Pradesh,MBBS,All India,ST,108029,108760,2
"Autonomous State Medical College, Akbarpur, Kanpur",Kanpur,Uttar Pradesh,MBBS,All India,EWS,11396,15330,2
"Autonomous State Medical College, Akbarpur, Kanpur",Kanpur,Uttar Pradesh,MBBS,All India,General,8278,13799,10
"Autonomous State Medical College, Akbarpur, Kanpur",Kanpur,Uttar Pradesh,MBBS,All India,OBC,13833,16222,10
"Autonomous State Medical College, Akbarpur, Kanpur",Kanpur,Uttar Pradesh,MBBS,All India,SC,54768,85951,4
"Autonomous State Medical College, Akbarpur, Kanpur",Kanpur,Uttar Pradesh,MBBS,All India,ST,103013,103013,2
"Autonomous State Medical College, Siddharthnagar",Siddharthnagar,Uttar Pradesh,MBBS,All India,EWS,17262,19322,4
"Autonomous State Medical College, Siddharthnagar",Siddharthnagar,Uttar Pradesh,MBBS,All India,General,12982,16047,12
"Autonomous State Medical College, Siddharthnagar",Siddharthnagar,Uttar Pradesh,MBBS,All India,OBC,15295,17804,8
"Autonomous State Medical College, Siddharthnagar",Siddharthnagar,Uttar Pradesh,MBBS,All India,SC,69348,87459,4
"Autonomous State Medical College, Siddharthnagar",Siddharthnagar,Uttar Pradesh,MBBS,All India,ST,105728,108400,2
"Autonomous State Medical College, Sonebhadra",Sonebhadra,Uttar Pradesh,MBBS,All India,EWS,17626,21920,2
"Autonomous State Medical College, Sonebhadra",Sonebhadra,Uttar Pradesh,MBBS,All India,General,13418,19883,14
"Autonomous State Medical College, Sonebhadra",Sonebhadra,Uttar Pradesh,MBBS,All India,OBC,17420,20080,6
"Autonomous State Medical College, Sonebhadra",Sonebhadra,Uttar Pradesh,MBBS,All India,SC,87547,88245,3
"Autonomous State Medical College, Sonebhadra",Sonebhadra,Uttar Pradesh,MBBS,All India,ST,113337,113337,2
Autonomous State Society Medical College Mirzapur,,Uttar Pradesh,MBBS,All India,EWS,17384,21229,4
Autonomous State Society Medical College Mirzapur,,Uttar Pradesh,MBBS,All India,General,11226,18391,12
Autonomous State Society Medical College Mirzapur,,Uttar Pradesh,MBBS,All India,OBC,15913,19029,8
Autonomous State Society Medical College Mirzapur,,Uttar Pradesh,MBBS,All India,SC,81223,93833,4
Autonomous State Society Medical College Mirzapur,,Uttar Pradesh,MBBS,All India,ST,103279,105322,2
Autonomous state medical college Amethi,,Uttar Pradesh,MBBS,All India,EWS,17340,21779,2
Autonomous state medical college Amethi,,Uttar Pradesh,MBBS,All India,General,11516,19134,12
Autonomous state medical college Amethi,,Uttar Pradesh,MBBS,All India,OBC,15396,19802,6
Autonomous state medical college Amethi,,Uttar Pradesh,MBBS,All India,SC,73557,98054,4
Autonomous state medical college Amethi,,Uttar Pradesh,MBBS,All India,ST,98228,113289,4
"B J Medical College, Ahmedabad",Ahmedabad,Gujarat,MBBS,All India,EWS,1376,4039,6
"B J Medical College, Ahmedabad",Ahmedabad,Gujarat,MBBS,All India,General,43,1234,17
"B J Medical College, Ahmedabad",Ahmedabad,Gujarat,MBBS,All India,OBC,1101,3284,18
"B J Medical College, Ahmedabad",Ahmedabad,Gujarat,MBBS,All India,SC,7394,27079,9
"B J Medical College, Ahmedabad",Ahmedabad,Gujarat,MBBS,All India,ST,23469,36073,5
"B. J. Govt. Medical College, Pune",Pune,Maharashtra,MBBS,All India,EWS,3200,5652,6
"B. J. Govt. Medical College, Pune",Pune,Maharashtra,MBBS,All India,General,498,3629,28
"B. J. Govt. Medical College, Pune",Pune,Maharashtra,MBBS,All India,OBC,3383,5767,22
"B. J. Govt. Medical College, Pune",Pune,Maharashtra,MBBS,All India,SC,25873,43775,11
"B. J. Govt. Medical College, Pune",Pune,Maharashtra,MBBS,All India,ST,49190,65499,4
"BHAARATH MEDICAL COLLEGE & HOSPITAL, Chennai.",Chennai.,Tamil Nadu,MBBS,Self-Financed Merit Seat,General,146046,1167643,319
"BPS Government Medical College for Women, Sonepat",Sonepat,Haryana,MBBS,All India,EWS,12783,14993,4
"BPS Government Medical College for Women, Sonepat",Sonepat,Haryana,MBBS,All India,General,6870,14204,12
"BPS Government Medical College for Women, Sonepat",Sonepat,Haryana,MBBS,All India,OBC,8586,16054,12
"BPS Government Medical College for Women, Sonepat",Sonepat,Haryana,MBBS,All India,SC,40112,75717,4
"BPS Government Medical College for Women, Sonepat",Sonepat,Haryana,MBBS,All India,ST,93055,93055,2
"BRD Medical College, Gorakhpur",Gorakhpur,Uttar Pradesh,MBBS,All India,EWS,7813,11547,6
"BRD Medical College, Gorakhpur",Gorakhpur,Uttar Pradesh,MBBS,All India,General,4833,8692,18
"BRD Medical College, Gorakhpur",Gorakhpur,Uttar Pradesh,MBBS,All India,OBC,6372,9289,11
"BRD Medical College, Gorakhpur",Gorakhpur,Uttar Pradesh,MBBS,All India,SC,42484,65158,6
"BRD Medical College, Gorakhpur",Gorakhpur,Uttar Pradesh,MBBS,All India,ST,68082,76298,2
"BVDU Dental College and Hospital, Navi Mumbai",Navi Mumbai,Maharashtra,BDS,Non-Resident Indian,General,857111,990679,3
"BVDU Dental College and Hospital, Navi Mumbai",Navi Mumbai,Maharashtra,BDS,Self-Financed Merit Seat,General,123412,721696,132
"BVDU Dental College and Hospital, Sangli",Sangli,Maharashtra,BDS,Non-Resident Indian,General,990679,990679,1
"BVDU Dental College and Hospital, Sangli",Sangli,Maharashtra,BDS,Self-Financed Merit Seat,General,141502,798508,147
Baba Kina Ram Autonomous State Medical College and Hospital Chandauli,,Uttar Pradesh,MBBS,All India,EWS,17105,22476,2
Baba Kina Ram Autonomous State Medical College and Hospital Chandauli,,Uttar Pradesh,MBBS,All India,General,10443,19930,8
Baba Kina Ram Autonomous State Medical College and Hospital Chandauli,,Uttar Pradesh,MBBS,All India,OBC,17066,20228,8
Baba Kina Ram Autonomous State Medical College and Hospital Chandauli,,Uttar Pradesh,MBBS,All India,SC,76678,97200,4
Baba Kina Ram Autonomous State Medical College and Hospital Chandauli,,Uttar Pradesh,MBBS,All India,ST,96462,108539,2
"Bangalore Medical College and Research Institute, Bangalore",Bangalore,Karnataka,MBBS,All India,EWS,1873,3708,6
"Bangalore Medical College and Research Institute, Bangalore",Bangalore,Karnataka,MBBS,All India,General,109,2716,23
"Bangalore Medical College and Research Institute, Bangalore",Bangalore,Karnataka,MBBS,All India,OBC,1807,4459,15
"Bangalore Medical College and Research Institute, Bangalore",Bangalore,Karnataka,MBBS,All India,SC,4475,30966,10
"Bangalore Medical College and Research Institute, Bangalore",Bangalore,Karnataka,MBBS,All India,ST,2164,35373,3
"Bankura Sammilani Medical College, Bankura",Bankura,West Bengal,MBBS,All India,EWS,13275,19710,4
"Bankura Sammilani Medical College, Bankura",Bankura,West Bengal,MBBS,All India,General,5916,16911,25
"Bankura Sammilani Medical College, Bankura",Bankura,West Bengal,MBBS,All India,OBC,13495,18487,16
"Bankura Sammilani Medical College, Bankura",Bankura,West Bengal,MBBS,All India,SC,71614,101198,6
"Bankura Sammilani Medical College, Bankura",Bankura,West Bengal,MBBS,All India,ST,98733,108023,4
Barasat Government Medical College & Hospital,,West Bengal,MBBS,All India,EWS,18041,19248,3
Barasat Government Medical College & Hospital,,West Bengal,MBBS,All India,General,9377,15445,9
Barasat Government Medical College & Hospital,,West Bengal,MBBS,All India,OBC,14807,18528,8
Barasat Government Medical College & Hospital,,West Bengal,MBBS,All India,SC,76755,102641,4
Barasat Government Medical College & Hospital,,West Bengal,MBBS,All India,ST,67896,96115,2
"Belagavi Institute of Medical Sciences, Belagavi",Belagavi,Karnataka,MBBS,All India,EWS,12134,20093,6
"Belagavi Institute of Medical Sciences, Belagavi",Belagavi,Karnataka,MBBS,All India,General,1268,15063,18
"Belagavi Institute of Medical Sciences, Belagavi",Belagavi,Karnataka,MBBS,All India,OBC,9363,17854,16
"Belagavi Institute of Medical Sciences, Belagavi",Belagavi,Karnataka,MBBS,All India,SC,52882,83279,8
"Belagavi Institute of Medical Sciences, Belagavi",Belagavi,Karnataka,MBBS,All India,ST,30853,67502,6
"Bharati Vidyapeeth DU Dental College and Hospt., Pune",Pune,Maharashtra,BDS,Self-Financed Merit Seat,General,96875,614543,110
"Bharati Vidyapeeth Deemed University Medical College & Hospital, Sangli",Sangli,Maharashtra,MBBS,Non-Resident Indian,General,719231,811452,3
"Bharati Vidyapeeth Deemed University Medical College & Hospital, Sangli",Sangli,Maharashtra,MBBS,Self-Financed Merit Seat,General,71120,637703,384
"Bharati Vidyapeeth University Medical College, Pune",Pune,Maharashtra,MBBS,Non-Resident Indian,General,712118,951118,7
"Bharati Vidyapeeth University Medical College, Pune",Pune,Maharashtra,MBBS,Self-Financed Merit Seat,General,18556,521496,320
"Bidar Institute of Medical Sciences, Bidar",Bidar,Karnataka,MBBS,All India,EWS,19049,23792,6
"Bidar Institute of Medical Sciences, Bidar",Bidar,Karnataka,MBBS,All India,General,12005,20254,26
"Bidar Institute of Medical Sciences, Bidar",Bidar,Karnataka,MBBS,All India,OBC,16220,21379,16
"Bidar Institute of Medical Sciences, Bidar",Bidar,Karnataka,MBBS,All India,SC,68333,97871,8
"Bidar Institute of Medical Sciences, Bidar",Bidar,Karnataka,MBBS,All India,ST,48111,87206,3
"Bundelkhand Medical College, Sagar",Sagar,Madhya Pradesh,MBBS,All India,EWS,12017,13503,4
"Bundelkhand Medical College, Sagar",Sagar,Madhya Pradesh,MBBS,All India,General,8037,12751,18
"Bundelkhand Medical College, Sagar",Sagar,Madhya Pradesh,MBBS,All India,OBC,10554,13279,12
"Bundelkhand Medical College, Sagar",Sagar,Madhya Pradesh,MBBS,All India,SC,45881,82869,8
"Bundelkhand Medical College, Sagar",Sagar,Madhya Pradesh,MBBS,All India,ST,77327,78408,4
"Burdwan Dental College & Hospital, Burdwan",Burdwan,West Bengal,BDS,All India,EWS,33749,33789,2
"Burdwan Dental College & Hospital, Burdwan",Burdwan,West Bengal,BDS,All India,General,13394,33556,16
"Burdwan Dental College & Hospital, Burdwan",Burdwan,West Bengal,BDS,All India,OBC,31762,40048,12
"Burdwan Dental College & Hospital, Burdwan",Burdwan,West Bengal,BDS,All India,SC,106635,146033,6
"Burdwan Dental College & Hospital, Burdwan",Burdwan,West Bengal,BDS,All India,ST,148216,150918,2
"Burdwan Medical College, Burdwan",Burdwan,West Bengal,MBBS,All India,EWS,12242,16322,8
"Burdwan Medical College, Burdwan",Burdwan,West Bengal,MBBS,All India,General,6058,13392,30
"Burdwan Medical College, Burdwan",Burdwan,West Bengal,MBBS,All India,OBC,10836,15452,18
"Burdwan Medical College, Burdwan",Burdwan,West Bengal,MBBS,All India,SC,32933,102360,12
"Burdwan Medical College, Burdwan",Burdwan,West Bengal,MBBS,All India,ST,92547,98091,6
"Calcutta National Medical College, Kolkata",Kolkata,West Bengal,MBBS,All India,EWS,6778,12351,6
"Calcutta National Medical College, Kolkata",Kolkata,West Bengal,MBBS,All India,General,3717,9362,28
"Calcutta National Medical College, Kolkata",Kolkata,West Bengal,MBBS,All India,OBC,5819,10743,20
"Calcutta National Medical College, Kolkata",Kolkata,West Bengal,MBBS,All India,SC,33056,65260,12
"Calcutta National Medical College, Kolkata",Kolkata,West Bengal,MBBS,All India,ST,40030,87582,6
Central Armed Police Forces Institute of Medical Sciences Maidangarhi (AIIMS CAPFIMS) Asola Delhi,,Delhi,MBBS,All India,EWS,3345,4299,17
Central Armed Police Forces Institute of Medical Sciences Maidangarhi (AIIMS CAPFIMS) Asola Delhi,,Delhi,MBBS,All India,General,569,2513,62
Central Armed Police Forces Institute of Medical Sciences Maidangarhi (AIIMS CAPFIMS) Asola Delhi,,Delhi,MBBS,All India,OBC,1927,3989,47
Central Armed Police Forces Institute of Medical Sciences Maidangarhi (AIIMS CAPFIMS) Asola Delhi,,Delhi,MBBS,All India,SC,8820,28392,22
Central Armed Police Forces Institute of Medical Sciences Maidangarhi (AIIMS CAPFIMS) Asola Delhi,,Delhi,MBBS,All India,ST,20912,38615,11
"Chamrajanagar Institute of Medical Sciences, Karnataka",Karnataka,Karnataka,MBBS,All India,EWS,18823,25997,4
"Chamrajanagar Institute of Medical Sciences, Karnataka",Karnataka,Karnataka,MBBS,All India,General,10979,20921,14
"Chamrajanagar Institute of Medical Sciences, Karnataka",Karnataka,Karnataka,MBBS,All India,OBC,16163,21996,9
"Chamrajanagar Institute of Medical Sciences, Karnataka",Karnataka,Karnataka,MBBS,All India,SC,65628,108453,8
"Chamrajanagar Institute of Medical Sciences, Karnataka",Karnataka,Karnataka,MBBS,All India,ST,85883,86890,4
"Chandulal Chandrakar Memorial Govt. Medical College, Durg",Durg,Chhattisgarh,MBBS,All India,EWS,19295,20939,4
"Chandulal Chandrakar Memorial Govt. Medical College, Durg",Durg,Chhattisgarh,MBBS,All India,General,12385,19345,22
"Chandulal Chandrakar Memorial Govt. Medical College, Durg",Durg,Chhattisgarh,MBBS,All India,OBC,16802,20354,16
"Chandulal Chandrakar Memorial Govt. Medical College, Durg",Durg,Chhattisgarh,MBBS,All India,SC,89193,96312,10
"Chandulal Chandrakar Memorial Govt. Medical College, Durg",Durg,Chhattisgarh,MBBS,All India,ST,88866,111286,4
"Chengalpattu Medical College, Chengalpattu",Chengalpattu,Tamil Nadu,MBBS,All India,EWS,20118,25948,4
"Chengalpattu Medical College, Chengalpattu",Chengalpattu,Tamil Nadu,MBBS,All India,General,2231,11943,10
"Chengalpattu Medical College, Chengalpattu",Chengalpattu,Tamil Nadu,MBBS,All India,OBC,3679,13878,8
"Chengalpattu Medical College, Chengalpattu",Chengalpattu,Tamil Nadu,MBBS,All India,SC,20288,57120,4
"Chengalpattu Medical College, Chengalpattu",Chengalpattu,Tamil Nadu,MBBS,All India,ST,87239,87239,1
"Chettinad Hospital & Research Institute, Kanchipuram",Kanchipuram,Tamil Nadu,MBBS,Self-Financed Merit Seat,General,57571,823772,372
Chettinad Institute of Medical Education and Research,,Tamil Nadu,MBBS,Self-Financed Merit Seat,General,176063,627750,195
"Chhattisgarh Institute of Medical Sciences, Bilaspur",Bilaspur,Chhattisgarh,MBBS,All India,EWS,11850,14732,4
"Chhattisgarh Institute of Medical Sciences, Bilaspur",Bilaspur,Chhattisgarh,MBBS,All India,General,7889,13064,16
"Chhattisgarh Institute of Medical Sciences, Bilaspur",Bilaspur,Chhattisgarh,MBBS,All India,OBC,10282,15428,10
"Chhattisgarh Institute of Medical Sciences, Bilaspur",Bilaspur,Chhattisgarh,MBBS,All India,SC,47485,80179,5
"Chhattisgarh Institute of Medical Sciences, Bilaspur",Bilaspur,Chhattisgarh,MBBS,All India,ST,82372,97143,4
"Chikkamagaluru Institute of Medical Sciences, Chikkamagaluru",Chikkamagaluru,Karnataka,MBBS,All India,EWS,20056,27118,4
"Chikkamagaluru Institute of Medical Sciences, Chikkamagaluru",Chikkamagaluru,Karnataka,MBBS,All India,General,12802,22660,18
"Chikkamagaluru Institute of Medical Sciences, Chikkamagaluru",Chikkamagaluru,Karnataka,MBBS,All India,OBC,17321,23197,12
"Chikkamagaluru Institute of Medical Sciences, Chikkamagaluru",Chikkamagaluru,Karnataka,MBBS,All India,SC,86020,111868,6
"Chikkamagaluru Institute of Medical Sciences, Chikkamagaluru",Chikkamagaluru,Karnataka,MBBS,All India,ST,88441,88441,2
Chitradurga Medical College and Research Institute,,Karnataka,MBBS,All India,EWS,24721,27384,4
Chitradurga Medical College and Research Institute,,Karnataka,MBBS,All India,General,16750,22907,18
Chitradurga Medical College and Research Institute,,Karnataka,MBBS,All India,OBC,18442,23540,12
Chitradurga Medical College and Research Institute,,Karnataka,MBBS,All India,SC,66691,113126,6
Chitradurga Medical College and Research Institute,,Karnataka,MBBS,All India,ST,92381,122900,4
"Coimbatore Medical College, Coimbatore",Coimbatore,Tamil Nadu,MBBS,All India,EWS,11052,21828,6
"Coimbatore Medical College, Coimbatore",Coimbatore,Tamil Nadu,MBBS,All India,General,522,10236,19
"Coimbatore Medical College, Coimbatore",Coimbatore,Tamil Nadu,MBBS,All India,OBC,3259,12920,15
"Coimbatore Medical College, Coimbatore",Coimbatore,Tamil Nadu,MBBS,All India,SC,15524,60165,10
"Coimbatore Medical College, Coimbatore",Coimbatore,Tamil Nadu,MBBS,All India,ST,74571,82831,4
"College of Medicine and JNM Hospital, Kalyani, Nadia",Nadia,West Bengal,MBBS,All India,EWS,11267,17160,6
"College of Medicine and JNM Hospital, Kalyani, Nadia",Nadia,West Bengal,MBBS,All India,General,8265,14407,18
"College of Medicine and JNM Hospital, Kalyani, Nadia",Nadia,West Bengal,MBBS,All India,OBC,12440,15672,12
"College of Medicine and JNM Hospital, Kalyani, Nadia",Nadia,West Bengal,MBBS,All India,SC,63770,89537,6
"College of Medicine and JNM Hospital, Kalyani, Nadia",Nadia,West Bengal,MBBS,All India,ST,102050,103836,2
"College of Medicine and Sagore Dutta Hospital, Kolkata",Kolkata,West Bengal,MBBS,All India,EWS,10258,14424,4
"College of Medicine and Sagore Dutta Hospital, Kolkata",Kolkata,West Bengal,MBBS,All India,General,6958,11913,18
"College of Medicine and Sagore Dutta Hospital, Kolkata",Kolkata,West Bengal,MBBS,All India,OBC,9863,13120,10
"College of Medicine and Sagore Dutta Hospital, Kolkata",Kolkata,West Bengal,MBBS,All India,SC,49945,81692,6
"College of Medicine and Sagore Dutta Hospital, Kolkata",Kolkata,West Bengal,MBBS,All India,ST,87101,87101,2
"College of Nursing Ahilya Bai College of Nursing, Maulana Azad Medical College",Maulana Azad Medical College,Delhi,B.Sc. Nursing,B.Sc Nursing All India,General,35269,39599,3
"College of Nursing Ahilya Bai College of Nursing, Maulana Azad Medical College",Maulana Azad Medical College,Delhi,B.Sc. Nursing,B.Sc Nursing All India,OBC,40370,40370,1
"College of Nursing Ahilya Bai College of Nursing, Maulana Azad Medical College",Maulana Azad Medical College,Delhi,B.Sc. Nursing,B.Sc Nursing All India,ST,190415,190415,1
"College of Nursing Ahilya Bai College of Nursing, Maulana Azad Medical College",Maulana Azad Medical College,Delhi,B.Sc. Nursing,B.Sc Nursing Delhi NCR,EWS,79956,89521,2
"College of Nursing Ahilya Bai College of Nursing, Maulana Azad Medical College",Maulana Azad Medical College,Delhi,B.Sc. Nursing,B.Sc Nursing Delhi NCR,General,37898,71568,17
"College of Nursing Ahilya Bai College of Nursing, Maulana Azad Medical College",Maulana Azad Medical College,Delhi,B.Sc. Nursing,B.Sc Nursing Delhi NCR,OBC,79907,92912,10
"College of Nursing Ahilya Bai College of Nursing, Maulana Azad Medical College",Maulana Azad Medical College,Delhi,B.Sc. Nursing,B.Sc Nursing Delhi NCR,SC,153407,192833,6
"College of Nursing Ahilya Bai College of Nursing, Maulana Azad Medical College",Maulana Azad Medical College,Delhi,B.Sc. Nursing,B.Sc Nursing Delhi NCR,ST,242044,278520,3
"College of Nursing Ahilya Bai College of Nursing, Maulana Azad Medical College",Maulana Azad Medical College,Delhi,B.Sc. Nursing,B.Sc Nursing Delhi NCR CW Quota,General,670768,670768,1
"College of Nursing BHU, VARANASI",VARANASI,Uttar Pradesh,B.Sc. Nursing,B.Sc Nursing All India,EWS,46738,58300,8
"College of Nursing BHU, VARANASI",VARANASI,Uttar Pradesh,B.Sc. Nursing,B.Sc Nursing All India,General,34171,45528,29
"College of Nursing BHU, VARANASI",VARANASI,Uttar Pradesh,B.Sc. Nursing,B.Sc Nursing All India,OBC,45573,49910,19
"College of Nursing BHU, VARANASI",VARANASI,Uttar Pradesh,B.Sc. Nursing,B.Sc Nursing All India,SC,129960,166873,11
"College of Nursing BHU, VARANASI",VARANASI,Uttar Pradesh,B.Sc. Nursing,B.Sc Nursing All India,ST,169606,204015,5
"College of Nursing Dr. RML Hospital, New Delhi",New Delhi,Delhi,B.Sc. Nursing,B.Sc Nursing All India,EWS,70445,75440,5
"College of Nursing Dr. RML Hospital, New Delhi",New Delhi,Delhi,B.Sc. Nursing,B.Sc Nursing All India,General,40639,60730,20
"College of Nursing Dr. RML Hospital, New Delhi",New Delhi,Delhi,B.Sc. Nursing,B.Sc Nursing All India,OBC,61327,70824,14
"College of Nursing Dr. RML Hospital, New Delhi",New Delhi,Delhi,B.Sc. Nursing,B.Sc Nursing All India,SC,161092,189508,7
"College of Nursing Dr. RML Hospital, New Delhi",New Delhi,Delhi,B.Sc. Nursing,B.Sc Nursing All India,ST,205941,210080,3
"College of Nursing Dr. RML Hospital, New Delhi",New Delhi,Delhi,B.Sc. Nursing,B.Sc Nursing IP CW Quota,General,228879,228879,1
"College of Nursing Dr. RML Hospital, New Delhi",New Delhi,Delhi,B.Sc. Nursing,B.Sc Nursing IP CW Quota,OBC,283150,283150,1
"College of Nursing RAK CON, New Delhi",New Delhi,Delhi,B.Sc. Nursing,B.Sc Nursing All India,EWS,67072,84024,8
"College of Nursing RAK CON, New Delhi",New Delhi,Delhi,B.Sc. Nursing,B.Sc Nursing All India,General,32222,65171,25
"College of Nursing RAK CON, New Delhi",New Delhi,Delhi,B.Sc. Nursing,B.Sc Nursing All India,OBC,65861,73581,18
"College of Nursing RAK CON, New Delhi",New Delhi,Delhi,B.Sc. Nursing,B.Sc Nursing All India,SC,189019,199130,10
"College of Nursing RAK CON, New Delhi",New Delhi,Delhi,B.Sc. Nursing,B.Sc Nursing All India,ST,215849,226634,5
"College of Nursing RAK CON, New Delhi",New Delhi,Delhi,B.Sc. Nursing,B.Sc Nursing Delhi NCR CW Quota,General,111808,289663,2
"College of Nursing RAK CON, New Delhi",New Delhi,Delhi,B.Sc. Nursing,B.Sc Nursing Delhi NCR CW Quota,OBC,344011,344011,1
"College of Nursing Safdarjung Hospital, New Delhi",New Delhi,Delhi,B.Sc. Nursing,B.Sc Nursing All India,EWS,61978,68129,4
"College of Nursing Safdarjung Hospital, New Delhi",New Delhi,Delhi,B.Sc. Nursing,B.Sc Nursing All India,General,32866,56943,20
"College of Nursing Safdarjung Hospital, New Delhi",New Delhi,Delhi,B.Sc. Nursing,B.Sc Nursing All India,OBC,57556,65498,13
"College of Nursing Safdarjung Hospital, New Delhi",New Delhi,Delhi,B.Sc. Nursing,B.Sc Nursing All India,SC,138785,182569,7
"College of Nursing Safdarjung Hospital, New Delhi",New Delhi,Delhi,B.Sc. Nursing,B.Sc Nursing All India,ST,168566,219494,4
"College of Nursing Safdarjung Hospital, New Delhi",New Delhi,Delhi,B.Sc. Nursing,B.Sc Nursing Delhi NCR CW Quota,General,312293,312293,1
"College of Nursing Safdarjung Hospital, New Delhi",New Delhi,Delhi,B.Sc. Nursing,B.Sc Nursing Delhi NCR CW Quota,OBC,325780,325780,1
"College of Nursing Safdarjung Hospital, New Delhi",New Delhi,Delhi,B.Sc. Nursing,B.Sc Nursing Delhi NCR CW Quota,SC,843995,843995,1
"Coochbehar Government Medical College & Hospital, Coochbehar, WB",WB,West Bengal,MBBS,All India,EWS,18963,24394,4
"Coochbehar Government Medical College & Hospital, Coochbehar, WB",WB,West Bengal,MBBS,All India,General,15884,21686,18
"Coochbehar Government Medical College & Hospital, Coochbehar, WB",WB,West Bengal,MBBS,All India,OBC,18867,23286,14
"Coochbehar Government Medical College & Hospital, Coochbehar, WB",WB,West Bengal,MBBS,All India,SC,84894,110718,6
"Coochbehar Government Medical College & Hospital, Coochbehar, WB",WB,West Bengal,MBBS,All India,ST,111572,118892,4
"DC, RIMS, Imphal",Imphal,Manipur,BDS,All India,EWS,26546,37059,2
"DC, RIMS, Imphal",Imphal,Manipur,BDS,All India,General,20090,30003,6
"DC, RIMS, Imphal",Imphal,Manipur,BDS,All India,OBC,22833,33536,4
"DC, RIMS, Imphal",Imphal,Manipur,BDS,All India,SC,118427,124423,2
DR. R. AHMED DENT.COLL & HOSP,,West Bengal,BDS,All India,EWS,35580,38431,4
DR. R. AHMED DENT.COLL & HOSP,,West Bengal,BDS,All India,General,27977,34267,14
DR. R. AHMED DENT.COLL & HOSP,,West Bengal,BDS,All India,OBC,34529,37483,7
DR. R. AHMED DENT.COLL & HOSP,,West Bengal,BDS,All India,SC,120786,145299,6
DR. R. AHMED DENT.COLL & HOSP,,West Bengal,BDS,All India,ST,159232,160400,2
"DY Patil University, School of Medicine",School of Medicine,Maharashtra,MBBS,Non-Resident Indian,General,511934,915705,2
"DY Patil University, School of Medicine",School of Medicine,Maharashtra,MBBS,Self-Financed Merit Seat,General,68222,592448,159
"Darbhanga Medical College, Lehriasarai",Lehriasarai,Bihar,MBBS,All India,EWS,7927,13051,4
"Darbhanga Medical College, Lehriasarai",Lehriasarai,Bihar,MBBS,All India,General,6869,11551,20
"Darbhanga Medical College, Lehriasarai",Lehriasarai,Bihar,MBBS,All India,OBC,8457,12631,14
"Darbhanga Medical College, Lehriasarai",Lehriasarai,Bihar,MBBS,All India,SC,55072,88422,6
"Darbhanga Medical College, Lehriasarai",Lehriasarai,Bihar,MBBS,All India,ST,77956,77956,2
"Datta Meghe Medical College, Nagpur",Nagpur,Maharashtra,MBBS,Self-Financed Merit Seat,General,60199,723728,360
"Dental Institue, RIMS, Ranchi",Ranchi,Jharkhand,BDS,All India,EWS,37472,38431,2
"Dental Institue, RIMS, Ranchi",Ranchi,Jharkhand,BDS,All India,General,21987,34541,6
"Dental Institue, RIMS, Ranchi",Ranchi,Jharkhand,BDS,All India,OBC,35592,36354,5
"Dental Institue, RIMS, Ranchi",Ranchi,Jharkhand,BDS,All India,SC,115087,121598,2
"Dental Institue, RIMS, Ranchi",Ranchi,Jharkhand,BDS,All India,ST,139134,159232,2
"Dhanalakshmi Srinivasan Institute of Medical Sciences and Hospital - Thuraiyur Road, Perambalur",Perambalur,Tamil Nadu,MBBS,Self-Financed Merit Seat,General,108559,1187466,251
"Dharanidhar Medical College and Hospital (previously Government Medical College, Keonjhar)",Keonjhar),Odisha,MBBS,All India,EWS,19801,22418,2
"Dharanidhar Medical College and Hospital (previously Government Medical College, Keonjhar)",Keonjhar),Odisha,MBBS,All India,General,9699,20623,12
"Dharanidhar Medical College and Hospital (previously Government Medical College, Keonjhar)",Keonjhar),Odisha,MBBS,All India,OBC,15419,22575,8
"Dharanidhar Medical College and Hospital (previously Government Medical College, Keonjhar)",Keonjhar),Odisha,MBBS,All India,SC,75112,113207,6
"Dharanidhar Medical College and Hospital (previously Government Medical College, Keonjhar)",Keonjhar),Odisha,MBBS,All India,ST,96870,119601,2
"Dhubri Medical College, Dhubri",Dhubri,Assam,MBBS,All India,EWS,24418,29037,4
"Dhubri Medical College, Dhubri",Dhubri,Assam,MBBS,All India,General,19621,24683,10
"Dhubri Medical College, Dhubri",Dhubri,Assam,MBBS,All India,OBC,20495,25319,8
"Dhubri Medical College, Dhubri",Dhubri,Assam,MBBS,All India,SC,42699,118357,6
"Dhubri Medical College, Dhubri",Dhubri,Assam,MBBS,All India,ST,88155,108848,2
"Diamond Harbour Government Medical College and Hospital, West Bengal",West Bengal,West Bengal,MBBS,All India,EWS,14424,19393,4
"Diamond Harbour Government Medical College and Hospital, West Bengal",West Bengal,West Bengal,MBBS,All India,General,9940,17312,14
"Diamond Harbour Government Medical College and Hospital, West Bengal",West Bengal,West Bengal,MBBS,All India,OBC,13392,18526,12
"Diamond Harbour Government Medical College and Hospital, West Bengal",West Bengal,West Bengal,MBBS,All India,SC,65260,108162,8
"Diamond Harbour Government Medical College and Hospital, West Bengal",West Bengal,West Bengal,MBBS,All India,ST,98287,117746,4
"Diphu Medical College & Hospital, Diphu, Assam",Assam,Assam,MBBS,All India,EWS,22906,27045,4
"Diphu Medical College & Hospital, Diphu, Assam",Assam,Assam,MBBS,All India,General,16361,24469,12
"Diphu Medical College & Hospital, Diphu, Assam",Assam,Assam,MBBS,All India,OBC,20353,24807,8
"Diphu Medical College & Hospital, Diphu, Assam",Assam,Assam,MBBS,All India,SC,99294,115626,4
"Diphu Medical College & Hospital, Diphu, Assam",Assam,Assam,MBBS,All India,ST,114961,115880,2
"Doon Medical College, Dehradun, Uttarakhand",Uttarakhand,Uttarakhand,MBBS,All India,EWS,7325,10593,4
"Doon Medical College, Dehradun, Uttarakhand",Uttarakhand,Uttarakhand,MBBS,All India,General,1981,7809,20
"Doon Medical College, Dehradun, Uttarakhand",Uttarakhand,Uttarakhand,MBBS,All India,OBC,6486,9340,10
"Doon Medical College, Dehradun, Uttarakhand",Uttarakhand,Uttarakhand,MBBS,All India,SC,25832,50508,5
"Doon Medical College, Dehradun, Uttarakhand",Uttarakhand,Uttarakhand,MBBS,All India,ST,39930,91852,4
"Dr B R Ambedkar State Institute of Medical Sciences, SAS Nagar , Mohali",Mohali,Punjab,MBBS,All India,EWS,10274,11341,2
"Dr B R Ambedkar State Institute of Medical Sciences, SAS Nagar , Mohali",Mohali,Punjab,MBBS,All India,General,3312,9525,16
"Dr B R Ambedkar State Institute of Medical Sciences, SAS Nagar , Mohali",Mohali,Punjab,MBBS,All India,OBC,7042,10454,8
"Dr B R Ambedkar State Institute of Medical Sciences, SAS Nagar , Mohali",Mohali,Punjab,MBBS,All India,SC,29375,42997,2
"Dr B R Ambedkar State Institute of Medical Sciences, SAS Nagar , Mohali",Mohali,Punjab,MBBS,All India,ST,63607,66750,2
"Dr SN Medical College, Jodhpur",Jodhpur,Rajasthan,MBBS,All India,EWS,4359,5609,8
"Dr SN Medical College, Jodhpur",Jodhpur,Rajasthan,MBBS,All India,General,1750,4532,30
"Dr SN Medical College, Jodhpur",Jodhpur,Rajasthan,MBBS,All India,OBC,3758,4772,17
"Dr SN Medical College, Jodhpur",Jodhpur,Rajasthan,MBBS,All India,SC,18051,29205,9
"Dr SN Medical College, Jodhpur",Jodhpur,Rajasthan,MBBS,All India,ST,10984,41194,4
"Dr Vaishampayan Memorial Medical College, Solapur",Solapur,Maharashtra,MBBS,All India,EWS,12150,17988,6
"Dr Vaishampayan Memorial Medical College, Solapur",Solapur,Maharashtra,MBBS,All India,General,7725,14366,24
"Dr Vaishampayan Memorial Medical College, Solapur",Solapur,Maharashtra,MBBS,All India,OBC,11116,15320,14
"Dr Vaishampayan Memorial Medical College, Solapur",Solapur,Maharashtra,MBBS,All India,SC,45341,83688,8
"Dr Vaishampayan Memorial Medical College, Solapur",Solapur,Maharashtra,MBBS,All India,ST,91027,100565,6
"Dr. Baba Saheb Ambedkar Medical College, Rohini, Delhi",Delhi,Delhi,MBBS,All India,EWS,2524,3002,4
"Dr. Baba Saheb Ambedkar Medical College, Rohini, Delhi",Delhi,Delhi,MBBS,All India,General,882,2150,14
"Dr. Baba Saheb Ambedkar Medical College, Rohini, Delhi",Delhi,Delhi,MBBS,All India,OBC,1819,2676,10
"Dr. Baba Saheb Ambedkar Medical College, Rohini, Delhi",Delhi,Delhi,MBBS,All India,SC,10289,13534,6
"Dr. Baba Saheb Ambedkar Medical College, Rohini, Delhi",Delhi,Delhi,MBBS,All India,ST,22941,41140,4
"Dr. Bhimrao Ramji Ambedkar, Government Medical College, Kannauj, U.P.",U.P.,Uttar Pradesh,MBBS,All India,EWS,9351,9351,2
"Dr. Bhimrao Ramji Ambedkar, Government Medical College, Kannauj, U.P.",U.P.,Uttar Pradesh,MBBS,All India,General,7684,10599,14
"Dr. Bhimrao Ramji Ambedkar, Government Medical College, Kannauj, U.P.",U.P.,Uttar Pradesh,MBBS,All India,OBC,9085,11970,8
"Dr. Bhimrao Ramji Ambedkar, Government Medical College, Kannauj, U.P.",U.P.,Uttar Pradesh,MBBS,All India,SC,63059,68098,4
"Dr. Bhimrao Ramji Ambedkar, Government Medical College, Kannauj, U.P.",U.P.,Uttar Pradesh,MBBS,All India,ST,75352,77759,2
"Dr. D Y Patil Medical College, Hospital and Research Centre, Pimpri, Pune",Pune,Maharashtra,MBBS,Non-Resident Indian,General,892271,907478,2
"Dr. D Y Patil Medical College, Hospital and Research Centre, Pimpri, Pune",Pune,Maharashtra,MBBS,Self-Financed Merit Seat,General,46920,461934,317
"Dr. D Y Patil Medical College, Kolhapur",Kolhapur,Maharashtra,MBBS,Non-Resident Indian,General,880048,880048,1
"Dr. D Y Patil Medical College, Kolhapur",Kolhapur,Maharashtra,MBBS,Self-Financed Merit Seat,General,64630,466435,286
Dr. DY Patil Dental College and Hosp. Navi Mumbai,,Maharashtra,BDS,Self-Financed Merit Seat,General,181868,764173,144
Dr. DY Patil Dental College and Hosp. Pune,,Maharashtra,BDS,Non-Resident Indian,General,880814,880814,1
Dr. DY Patil Dental College and Hosp. Pune,,Maharashtra,BDS,Self-Financed Merit Seat,General,147516,699239,144
"Dr. LAXMINARAYAN PANDEY GOVT. MEDICAL COLLEGE, RATLAM",RATLAM,Madhya Pradesh,MBBS,All India,EWS,11319,15690,8
"Dr. LAXMINARAYAN PANDEY GOVT. MEDICAL COLLEGE, RATLAM",RATLAM,Madhya Pradesh,MBBS,All India,General,8324,12090,22
"Dr. LAXMINARAYAN PANDEY GOVT. MEDICAL COLLEGE, RATLAM",RATLAM,Madhya Pradesh,MBBS,All India,OBC,10684,12658,14
"Dr. LAXMINARAYAN PANDEY GOVT. MEDICAL COLLEGE, RATLAM",RATLAM,Madhya Pradesh,MBBS,All India,SC,60886,74331,6
"Dr. LAXMINARAYAN PANDEY GOVT. MEDICAL COLLEGE, RATLAM",RATLAM,Madhya Pradesh,MBBS,All India,ST,74995,74995,2
"Dr. Radhakrishnan Government Medical College, Hamirpur, H.P",H.P,Himachal Pradesh,MBBS,All India,EWS,9248,10960,4
"Dr. Radhakrishnan Government Medical College, Hamirpur, H.P",H.P,Himachal Pradesh,MBBS,All India,General,6158,9659,14
"Dr. Radhakrishnan Government Medical College, Hamirpur, H.P",H.P,Himachal Pradesh,MBBS,All India,OBC,8474,10730,10
"Dr. Radhakrishnan Government Medical College, Hamirpur, H.P",H.P,Himachal Pradesh,MBBS,All India,SC,46491,51971,6
"Dr. Radhakrishnan Government Medical College, Hamirpur, H.P",H.P,Himachal Pradesh,MBBS,All India,ST,46510,75967,2
"Dr. Rajendar Prasad Government Medical College, Tanda, H.P",H.P,Himachal Pradesh,MBBS,All India,EWS,5029,5029,1
"Dr. Rajendar Prasad Government Medical College, Tanda, H.P",H.P,Himachal Pradesh,MBBS,All India,General,3961,5442,16
"Dr. Rajendar Prasad Government Medical College, Tanda, H.P",H.P,Himachal Pradesh,MBBS,All India,OBC,4770,6490,10
"Dr. Rajendar Prasad Government Medical College, Tanda, H.P",H.P,Himachal Pradesh,MBBS,All India,SC,29797,42849,4
"Dr. Rajendar Prasad Government Medical College, Tanda, H.P",H.P,Himachal Pradesh,MBBS,All India,ST,45688,45688,2
Dr. Ram Manohar Lohia Institute of Medical Sciences,,Uttar Pradesh,MBBS,All India,EWS,3328,4315,4
Dr. Ram Manohar Lohia Institute of Medical Sciences,,Uttar Pradesh,MBBS,All India,General,1890,3324,20
Dr. Ram Manohar Lohia Institute of Medical Sciences,,Uttar Pradesh,MBBS,All India,OBC,2687,4230,14
Dr. Ram Manohar Lohia Institute of Medical Sciences,,Uttar Pradesh,MBBS,All India,SC,18512,28497,10
Dr. Ram Manohar Lohia Institute of Medical Sciences,,Uttar Pradesh,MBBS,All India,ST,44803,53946,6
"Dr. Shankarrao Chavan Govt. Medical College, Nanded",Nanded,Maharashtra,MBBS,All India,EWS,13692,18129,4
"Dr. Shankarrao Chavan Govt. Medical College, Nanded",Nanded,Maharashtra,MBBS,All India,General,7605,16165,18
"Dr. Shankarrao Chavan Govt. Medical College, Nanded",Nanded,Maharashtra,MBBS,All India,OBC,13355,17056,12
"Dr. Shankarrao Chavan Govt. Medical College, Nanded",Nanded,Maharashtra,MBBS,All India,SC,69685,93236,8
"Dr. Shankarrao Chavan Govt. Medical College, Nanded",Nanded,Maharashtra,MBBS,All India,ST,97544,101204,2
Dr. Ziauddin Ahmed Dental College and Hospital,,Delhi,BDS,(AMU) Self finance All India,General,39363,57261,9
Dr. Ziauddin Ahmed Dental College and Hospital,,Delhi,BDS,(AMU)Self finance internal,General,85300,149628,9
Dr. Ziauddin Ahmed Dental College and Hospital,,Delhi,BDS,Aligarh Muslim University (AMU) Quota,General,37389,74682,23
Dr. Ziauddin Ahmed Dental College and Hospital,,Delhi,BDS,Non-Resident Indian(AMU) Quota,General,806244,826524,3
Dr. Ziauddin Ahmed Dental College and Hospital,,Delhi,BDS,Non-Resident Indian(AMU)Quota,General,806244,912405,2
Dr. Ziauddin Ahmed Dental College and Hospital,,Delhi,BDS,Open Seat Quota,General,28336,36229,32
"Dumka Medical College, Dighi Dumka",Dighi Dumka,Jharkhand,MBBS,All India,EWS,18306,22915,4
"Dumka Medical College, Dighi Dumka",Dighi Dumka,Jharkhand,MBBS,All India,General,14782,19110,12
"Dumka Medical College, Dighi Dumka",Dighi Dumka,Jharkhand,MBBS,All India,OBC,16545,20495,6
"Dumka Medical College, Dighi Dumka",Dighi Dumka,Jharkhand,MBBS,All India,SC,94597,102568,4
"Dumka Medical College, Dighi Dumka",Dighi Dumka,Jharkhand,MBBS,All India,ST,113535,113772,2
"ESIC College of Nursing, Gulbarga, Karnataka",Karnataka,Karnataka,B.Sc. Nursing,Employees State Insurance Scheme Nursing Quota (ESI- IP Quota Nursing),EWS,147979,219597,4
"ESIC College of Nursing, Gulbarga, Karnataka",Karnataka,Karnataka,B.Sc. Nursing,Employees State Insurance Scheme Nursing Quota (ESI- IP Quota Nursing),General,61106,107948,10
"ESIC College of Nursing, Gulbarga, Karnataka",Karnataka,Karnataka,B.Sc. Nursing,Employees State Insurance Scheme Nursing Quota (ESI- IP Quota Nursing),OBC,119779,155452,7
"ESIC College of Nursing, Gulbarga, Karnataka",Karnataka,Karnataka,B.Sc. Nursing,Employees State Insurance Scheme Nursing Quota (ESI- IP Quota Nursing),SC,233724,322892,3
"ESIC College of Nursing, Gulbarga, Karnataka",Karnataka,Karnataka,B.Sc. Nursing,Employees State Insurance Scheme Nursing Quota (ESI- IP Quota Nursing),ST,618962,771611,3
"ESIC College of Nursing, Indiranagar, Bangalore",Bangalore,Karnataka,B.Sc. Nursing,Employees State Insurance Scheme Nursing Quota (ESI- IP Quota Nursing),EWS,174349,204023,2
"ESIC College of Nursing, Indiranagar, Bangalore",Bangalore,Karnataka,B.Sc. Nursing,Employees State Insurance Scheme Nursing Quota (ESI- IP Quota Nursing),General,50865,116710,13
"ESIC College of Nursing, Indiranagar, Bangalore",Bangalore,Karnataka,B.Sc. Nursing,Employees State Insurance Scheme Nursing Quota (ESI- IP Quota Nursing),OBC,117449,148474,8
"ESIC College of Nursing, Indiranagar, Bangalore",Bangalore,Karnataka,B.Sc. Nursing,Employees State Insurance Scheme Nursing Quota (ESI- IP Quota Nursing),SC,241646,322470,5
"ESIC College of Nursing, Indiranagar, Bangalore",Bangalore,Karnataka,B.Sc. Nursing,Employees State Insurance Scheme Nursing Quota (ESI- IP Quota Nursing),ST,574646,576855,2
ESIC Dental College and Hospital,,,BDS,All India,EWS,36051,37561,2
ESIC Dental College and Hospital,,,BDS,All India,General,17140,32274,6
ESIC Dental College and Hospital,,,BDS,All India,OBC,34870,36573,4
ESIC Dental College and Hospital,,,BDS,All India,SC,131527,135955,4
ESIC Dental College and Hospital,,,BDS,All India,ST,129766,152422,2
ESIC Dental College and Hospital,,,BDS,IP University Quota,EWS,46884,55451,9
ESIC Dental College and Hospital,,,BDS,IP University Quota,General,32237,44924,40
ESIC Dental College and Hospital,,,BDS,IP University Quota,OBC,44751,57559,25
ESIC Dental College and Hospital,,,BDS,IP University Quota,SC,140427,155900,13
ESIC Dental College and Hospital,,,BDS,IP University Quota,ST,137050,232233,8
"ESIC Dental College, Gulbarga",Gulbarga,Karnataka,BDS,All India,EWS,34969,41111,2
"ESIC Dental College, Gulbarga",Gulbarga,Karnataka,BDS,All India,General,21902,31656,6
"ESIC Dental College, Gulbarga",Gulbarga,Karnataka,BDS,All India,OBC,24256,38895,2
"ESIC Dental College, Gulbarga",Gulbarga,Karnataka,BDS,All India,SC,138102,153544,4
"ESIC Dental College, Gulbarga",Gulbarga,Karnataka,BDS,Employees State Insurance Scheme(ESI),EWS,64531,84934,6
"ESIC Dental College, Gulbarga",Gulbarga,Karnataka,BDS,Employees State Insurance Scheme(ESI),General,47759,61518,20
"ESIC Dental College, Gulbarga",Gulbarga,Karnataka,BDS,Employees State Insurance Scheme(ESI),OBC,60822,74656,14
"ESIC Dental College, Gulbarga",Gulbarga,Karnataka,BDS,Employees State Insurance Scheme(ESI),SC,200847,233406,8
"ESIC Dental College, Gulbarga",Gulbarga,Karnataka,BDS,Employees State Insurance Scheme(ESI),ST,380829,419319,4
ESIC MEDICAL COLLEGE AND HOSPITAL,,Madhya Pradesh,MBBS,All India,General,6382,10244,8
ESIC MEDICAL COLLEGE AND HOSPITAL,,Madhya Pradesh,MBBS,All India,OBC,7991,10434,4
ESIC MEDICAL COLLEGE AND HOSPITAL,,Madhya Pradesh,MBBS,All India,SC,56675,64222,2
ESIC MEDICAL COLLEGE AND HOSPITAL,,Madhya Pradesh,MBBS,Employees State Insurance Scheme(ESI),EWS,26820,28240,4
ESIC MEDICAL COLLEGE AND HOSPITAL,,Madhya Pradesh,MBBS,Employees State Insurance Scheme(ESI),General,11688,24742,11
ESIC MEDICAL COLLEGE AND HOSPITAL,,Madhya Pradesh,MBBS,Employees State Insurance Scheme(ESI),OBC,25156,26466,8
ESIC MEDICAL COLLEGE AND HOSPITAL,,Madhya Pradesh,MBBS,Employees State Insurance Scheme(ESI),SC,142401,172552,3
ESIC MEDICAL COLLEGE AND HOSPITAL,,Madhya Pradesh,MBBS,Employees State Insurance Scheme(ESI),ST,156821,207537,4
"ESIC MEDICAL COLLEGE AND HOSPITAL, ANDHERI",ANDHERI,Maharashtra,MBBS,All India,EWS,11733,12836,2
"ESIC MEDICAL COLLEGE AND HOSPITAL, ANDHERI",ANDHERI,Maharashtra,MBBS,All India,General,4623,8932,4
"ESIC MEDICAL COLLEGE AND HOSPITAL, ANDHERI",ANDHERI,Maharashtra,MBBS,All India,OBC,8434,10997,4
"ESIC MEDICAL COLLEGE AND HOSPITAL, ANDHERI",ANDHERI,Maharashtra,MBBS,All India,SC,55061,67586,2
"ESIC MEDICAL COLLEGE AND HOSPITAL, ANDHERI",ANDHERI,Maharashtra,MBBS,All India,ST,82939,82939,2
"ESIC MEDICAL COLLEGE AND HOSPITAL, ANDHERI",ANDHERI,Maharashtra,MBBS,Employees State Insurance Scheme(ESI),EWS,39937,40477,3
"ESIC MEDICAL COLLEGE AND HOSPITAL, ANDHERI",ANDHERI,Maharashtra,MBBS,Employees State Insurance Scheme(ESI),General,26471,37871,19
"ESIC MEDICAL COLLEGE AND HOSPITAL, ANDHERI",ANDHERI,Maharashtra,MBBS,Employees State Insurance Scheme(ESI),OBC,38309,39990,13
"ESIC MEDICAL COLLEGE AND HOSPITAL, ANDHERI",ANDHERI,Maharashtra,MBBS,Employees State Insurance Scheme(ESI),SC,133681,186227,5
"ESIC MEDICAL COLLEGE AND HOSPITAL, ANDHERI",ANDHERI,Maharashtra,MBBS,Employees State Insurance Scheme(ESI),ST,281146,281146,2
"ESIC MEDICAL COLLEGE AND HOSPITAL, JAIPUR",JAIPUR,Rajasthan,MBBS,All India,EWS,5968,7325,2
"ESIC MEDICAL COLLEGE AND HOSPITAL, JAIPUR",JAIPUR,Rajasthan,MBBS,All India,General,4166,5281,4
"ESIC MEDICAL COLLEGE AND HOSPITAL, JAIPUR",JAIPUR,Rajasthan,MBBS,All India,OBC,5299,7110,4
"ESIC MEDICAL COLLEGE AND HOSPITAL, JAIPUR",JAIPUR,Rajasthan,MBBS,All India,SC,27368,35745,2
"ESIC MEDICAL COLLEGE AND HOSPITAL, JAIPUR",JAIPUR,Rajasthan,MBBS,All India,ST,41767,53320,2
"ESIC MEDICAL COLLEGE AND HOSPITAL, JAIPUR",JAIPUR,Rajasthan,MBBS,Employees State Insurance Scheme(ESI),EWS,15112,18602,3
"ESIC MEDICAL COLLEGE AND HOSPITAL, JAIPUR",JAIPUR,Rajasthan,MBBS,Employees State Insurance Scheme(ESI),General,8628,14200,10
"ESIC MEDICAL COLLEGE AND HOSPITAL, JAIPUR",JAIPUR,Rajasthan,MBBS,Employees State Insurance Scheme(ESI),OBC,14475,15504,5
"ESIC MEDICAL COLLEGE AND HOSPITAL, JAIPUR",JAIPUR,Rajasthan,MBBS,Employees State Insurance Scheme(ESI),SC,70838,70838,1
"ESIC MEDICAL COLLEGE AND HOSPITAL, NOIDA",NOIDA,Uttar Pradesh,MBBS,All India,EWS,7229,8807,2
"ESIC MEDICAL COLLEGE AND HOSPITAL, NOIDA",NOIDA,Uttar Pradesh,MBBS,All India,General,5243,7657,6
"ESIC MEDICAL COLLEGE AND HOSPITAL, NOIDA",NOIDA,Uttar Pradesh,MBBS,All India,OBC,6209,8747,4
"ESIC MEDICAL COLLEGE AND HOSPITAL, NOIDA",NOIDA,Uttar Pradesh,MBBS,All India,SC,43322,60017,2
"ESIC MEDICAL COLLEGE AND HOSPITAL, NOIDA",NOIDA,Uttar Pradesh,MBBS,Employees State Insurance Scheme(ESI),EWS,20103,25686,5
"ESIC MEDICAL COLLEGE AND HOSPITAL, NOIDA",NOIDA,Uttar Pradesh,MBBS,Employees State Insurance Scheme(ESI),General,12031,19880,16
"ESIC MEDICAL COLLEGE AND HOSPITAL, NOIDA",NOIDA,Uttar Pradesh,MBBS,Employees State Insurance Scheme(ESI),OBC,20496,21712,9
"ESIC MEDICAL COLLEGE AND HOSPITAL, NOIDA",NOIDA,Uttar Pradesh,MBBS,Employees State Insurance Scheme(ESI),SC,124639,150374,5
"ESIC MEDICAL COLLEGE AND HOSPITAL, NOIDA",NOIDA,Uttar Pradesh,MBBS,Employees State Insurance Scheme(ESI),ST,179965,199473,3
"ESIC MEDICAL COLLEGE NARODA BAPUNAGAR, AHMEDABAD",AHMEDABAD,Gujarat,MBBS,All India,General,5487,9860,4
"ESIC MEDICAL COLLEGE NARODA BAPUNAGAR, AHMEDABAD",AHMEDABAD,Gujarat,MBBS,All India,OBC,7728,10717,4
"ESIC MEDICAL COLLEGE NARODA BAPUNAGAR, AHMEDABAD",AHMEDABAD,Gujarat,MBBS,All India,SC,49287,66951,2
"ESIC MEDICAL COLLEGE NARODA BAPUNAGAR, AHMEDABAD",AHMEDABAD,Gujarat,MBBS,Employees State Insurance Scheme(ESI),EWS,33709,35691,3
"ESIC MEDICAL COLLEGE NARODA BAPUNAGAR, AHMEDABAD",AHMEDABAD,Gujarat,MBBS,Employees State Insurance Scheme(ESI),General,9283,28735,19
"ESIC MEDICAL COLLEGE NARODA BAPUNAGAR, AHMEDABAD",AHMEDABAD,Gujarat,MBBS,Employees State Insurance Scheme(ESI),OBC,26471,33470,10
"ESIC MEDICAL COLLEGE NARODA BAPUNAGAR, AHMEDABAD",AHMEDABAD,Gujarat,MBBS,Employees State Insurance Scheme(ESI),SC,131875,178952,7
"ESIC MEDICAL COLLEGE NARODA BAPUNAGAR, AHMEDABAD",AHMEDABAD,Gujarat,MBBS,Employees State Insurance Scheme(ESI),ST,263932,263932,2
"ESIC Medical College & Hospital, Basaidarapur, New Delhi",New Delhi,Delhi,MBBS,All India,EWS,4442,4442,2
"ESIC Medical College & Hospital, Basaidarapur, New Delhi",New Delhi,Delhi,MBBS,All India,General,2623,3399,6
"ESIC Medical College & Hospital, Basaidarapur, New Delhi",New Delhi,Delhi,MBBS,All India,OBC,3693,4654,4
"ESIC Medical College & Hospital, Basaidarapur, New Delhi",New Delhi,Delhi,MBBS,All India,SC,27496,27496,2
"ESIC Medical College & Hospital, Basaidarapur, New Delhi",New Delhi,Delhi,MBBS,Delhi NCR Children/Wid ows of Personnel of the Armed Forces (CW) IP Quota,OBC,13512,13512,1
"ESIC Medical College & Hospital, Basaidarapur, New Delhi",New Delhi,Delhi,MBBS,Delhi NCR Children/Wid ows of Personnel of the Armed Forces (CW) IP Quota,SC,255252,255252,1
"ESIC Medical College & Hospital, Basaidarapur, New Delhi",New Delhi,Delhi,MBBS,Delhi NCR Children/Widows of Personnel of the Armed Forces (CW) IP Quota,General,397393,397393,1
"ESIC Medical College & Hospital, Basaidarapur, New Delhi",New Delhi,Delhi,MBBS,Delhi NCR Children/Widows of Personnel of the Armed Forces (CW) IP Quota,OBC,13512,13512,1
"ESIC Medical College & Hospital, Basaidarapur, New Delhi",New Delhi,Delhi,MBBS,Delhi NCR Children/Widows of Personnel of the Armed Forces (CW) IP Quota,SC,255252,255252,1
"ESIC Medical College & Hospital, Basaidarapur, New Delhi",New Delhi,Delhi,MBBS,IP University Quota,EWS,7601,10732,8
"ESIC Medical College & Hospital, Basaidarapur, New Delhi",New Delhi,Delhi,MBBS,IP University Quota,General,3804,6840,31
"ESIC Medical College & Hospital, Basaidarapur, New Delhi",New Delhi,Delhi,MBBS,IP University Quota,OBC,11325,12567,18
"ESIC Medical College & Hospital, Basaidarapur, New Delhi",New Delhi,Delhi,MBBS,IP University Quota,SC,53677,61656,10
"ESIC Medical College & Hospital, Basaidarapur, New Delhi",New Delhi,Delhi,MBBS,IP University Quota,ST,117111,124759,6
"ESIC Medical College & PGIMSR, K.K Nagar, Chennai",Chennai,Tamil Nadu,MBBS,All India,EWS,11248,16036,3
"ESIC Medical College & PGIMSR, K.K Nagar, Chennai",Chennai,Tamil Nadu,MBBS,All India,General,2050,11952,16
"ESIC Medical College & PGIMSR, K.K Nagar, Chennai",Chennai,Tamil Nadu,MBBS,All India,OBC,5724,14348,9
"ESIC Medical College & PGIMSR, K.K Nagar, Chennai",Chennai,Tamil Nadu,MBBS,All India,SC,28192,69844,6
"ESIC Medical College & PGIMSR, K.K Nagar, Chennai",Chennai,Tamil Nadu,MBBS,All India,ST,76027,114313,4
"ESIC Medical College & PGIMSR, K.K Nagar, Chennai",Chennai,Tamil Nadu,MBBS,Employees State Insurance Scheme(ESI),EWS,44994,50781,6
"ESIC Medical College & PGIMSR, K.K Nagar, Chennai",Chennai,Tamil Nadu,MBBS,Employees State Insurance Scheme(ESI),General,9081,37721,16
"ESIC Medical College & PGIMSR, K.K Nagar, Chennai",Chennai,Tamil Nadu,MBBS,Employees State Insurance Scheme(ESI),OBC,25103,43375,11
"ESIC Medical College & PGIMSR, K.K Nagar, Chennai",Chennai,Tamil Nadu,MBBS,Employees State Insurance Scheme(ESI),SC,140419,165662,6
"ESIC Medical College & PGIMSR, K.K Nagar, Chennai",Chennai,Tamil Nadu,MBBS,Employees State Insurance Scheme(ESI),ST,145549,317305,4
ESIC Medical College Ludhiana,,Punjab,MBBS,All India,General,6552,10556,4
ESIC Medical College Ludhiana,,Punjab,MBBS,All India,OBC,8404,13124,4
ESIC Medical College Ludhiana,,Punjab,MBBS,All India,SC,47791,77823,4
ESIC Medical College Ludhiana,,Punjab,MBBS,All India,ST,84222,84222,2
ESIC Medical College Ludhiana,,Punjab,MBBS,Employees State Insurance Scheme(ESI),EWS,37381,39784,4
ESIC Medical College Ludhiana,,Punjab,MBBS,Employees State Insurance Scheme(ESI),General,19012,29629,19
ESIC Medical College Ludhiana,,Punjab,MBBS,Employees State Insurance Scheme(ESI),OBC,21824,36437,11
ESIC Medical College Ludhiana,,Punjab,MBBS,Employees State Insurance Scheme(ESI),SC,142240,158609,4
ESIC Medical College Ludhiana,,Punjab,MBBS,Employees State Insurance Scheme(ESI),ST,202163,250815,3
"ESIC Medical College and Hospital, Beltola",Beltola,Assam,MBBS,All India,General,6508,17282,6
"ESIC Medical College and Hospital, Beltola",Beltola,Assam,MBBS,All India,OBC,14434,17771,2
"ESIC Medical College and Hospital, Beltola",Beltola,Assam,MBBS,All India,SC,80819,92948,2
"ESIC Medical College and Hospital, Beltola",Beltola,Assam,MBBS,All India,ST,104476,117483,2
"ESIC Medical College and Hospital, Beltola",Beltola,Assam,MBBS,Employees State Insurance Scheme(ESI),EWS,49621,52397,6
"ESIC Medical College and Hospital, Beltola",Beltola,Assam,MBBS,Employees State Insurance Scheme(ESI),General,37348,50865,18
"ESIC Medical College and Hospital, Beltola",Beltola,Assam,MBBS,Employees State Insurance Scheme(ESI),OBC,50011,51420,14
"ESIC Medical College and Hospital, Beltola",Beltola,Assam,MBBS,Employees State Insurance Scheme(ESI),SC,196076,199640,8
"ESIC Medical College and Hospital, Beltola",Beltola,Assam,MBBS,Employees State Insurance Scheme(ESI),ST,330540,380677,4
"ESIC Medical College and Hospital, VARANASI",VARANASI,Uttar Pradesh,MBBS,All India,General,5788,10669,6
"ESIC Medical College and Hospital, VARANASI",VARANASI,Uttar Pradesh,MBBS,All India,OBC,8769,11510,4
"ESIC Medical College and Hospital, VARANASI",VARANASI,Uttar Pradesh,MBBS,All India,SC,47575,68331,2
"ESIC Medical College and Hospital, VARANASI",VARANASI,Uttar Pradesh,MBBS,All India,ST,69462,92547,2
"ESIC Medical College and Hospital, VARANASI",VARANASI,Uttar Pradesh,MBBS,Employees State Insurance Scheme(ESI),EWS,27517,30461,4
"ESIC Medical College and Hospital, VARANASI",VARANASI,Uttar Pradesh,MBBS,Employees State Insurance Scheme(ESI),General,17844,27155,17
"ESIC Medical College and Hospital, VARANASI",VARANASI,Uttar Pradesh,MBBS,Employees State Insurance Scheme(ESI),OBC,27693,32927,12
"ESIC Medical College and Hospital, VARANASI",VARANASI,Uttar Pradesh,MBBS,Employees State Insurance Scheme(ESI),SC,161530,186227,7
"ESIC Medical College and Hospital, VARANASI",VARANASI,Uttar Pradesh,MBBS,Employees State Insurance Scheme(ESI),ST,267543,284661,3
"Employees State Insurance Coporation Medical College, Sanath Nagar, Hyderabad",Hyderabad,Telangana,MBBS,All India,EWS,8097,10114,4
"Employees State Insurance Coporation Medical College, Sanath Nagar, Hyderabad",Hyderabad,Telangana,MBBS,All India,General,2663,4918,14
"Employees State Insurance Coporation Medical College, Sanath Nagar, Hyderabad",Hyderabad,Telangana,MBBS,All India,OBC,5415,9756,10
"Employees State Insurance Coporation Medical College, Sanath Nagar, Hyderabad",Hyderabad,Telangana,MBBS,All India,SC,23215,56675,7
"Employees State Insurance Coporation Medical College, Sanath Nagar, Hyderabad",Hyderabad,Telangana,MBBS,All India,ST,45319,87744,3
"Employees State Insurance Coporation Medical College, Sanath Nagar, Hyderabad",Hyderabad,Telangana,MBBS,Employees State Insurance Scheme(ESI),EWS,34052,44857,6
"Employees State Insurance Coporation Medical College, Sanath Nagar, Hyderabad",Hyderabad,Telangana,MBBS,Employees State Insurance Scheme(ESI),General,8698,33195,36
"Employees State Insurance Coporation Medical College, Sanath Nagar, Hyderabad",Hyderabad,Telangana,MBBS,Employees State Insurance Scheme(ESI),OBC,31324,39402,22
"Employees State Insurance Coporation Medical College, Sanath Nagar, Hyderabad",Hyderabad,Telangana,MBBS,Employees State Insurance Scheme(ESI),SC,97021,149055,13
"Employees State Insurance Coporation Medical College, Sanath Nagar, Hyderabad",Hyderabad,Telangana,MBBS,Employees State Insurance Scheme(ESI),ST,163608,277761,5
Employees State Insurance Corporation Medical College,,Rajasthan,MBBS,All India,EWS,7178,9234,2
Employees State Insurance Corporation Medical College,,Rajasthan,MBBS,All India,General,4541,8041,12
Employees State Insurance Corporation Medical College,,Rajasthan,MBBS,All India,OBC,6529,8870,8
Employees State Insurance Corporation Medical College,,Rajasthan,MBBS,All India,SC,41808,51971,4
Employees State Insurance Corporation Medical College,,Rajasthan,MBBS,All India,ST,46613,61981,2
Employees State Insurance Corporation Medical College,,Rajasthan,MBBS,Employees State Insurance Scheme(ESI),EWS,17500,18719,5
Employees State Insurance Corporation Medical College,,Rajasthan,MBBS,Employees State Insurance Scheme(ESI),General,6439,15993,22
Employees State Insurance Corporation Medical College,,Rajasthan,MBBS,Employees State Insurance Scheme(ESI),OBC,15290,17416,14
Employees State Insurance Corporation Medical College,,Rajasthan,MBBS,Employees State Insurance Scheme(ESI),SC,77794,130232,9
Employees State Insurance Corporation Medical College,,Rajasthan,MBBS,Employees State Insurance Scheme(ESI),ST,91862,181341,5
"Employees State Insurance Corporation Medical College, Bangalore",Bangalore,Karnataka,MBBS,All India,EWS,8312,11158,4
"Employees State Insurance Corporation Medical College, Bangalore",Bangalore,Karnataka,MBBS,All India,General,2496,7430,16
"Employees State Insurance Corporation Medical College, Bangalore",Bangalore,Karnataka,MBBS,All India,OBC,5598,10736,12
"Employees State Insurance Corporation Medical College, Bangalore",Bangalore,Karnataka,MBBS,All India,SC,47316,62595,8
"Employees State Insurance Corporation Medical College, Bangalore",Bangalore,Karnataka,MBBS,All India,ST,57268,67362,3
"Employees State Insurance Corporation Medical College, Bangalore",Bangalore,Karnataka,MBBS,Employees State Insurance Scheme(ESI),EWS,27843,41335,12
"Employees State Insurance Corporation Medical College, Bangalore",Bangalore,Karnataka,MBBS,Employees State Insurance Scheme(ESI),General,4733,37347,43
"Employees State Insurance Corporation Medical College, Bangalore",Bangalore,Karnataka,MBBS,Employees State Insurance Scheme(ESI),OBC,28828,37710,28
"Employees State Insurance Corporation Medical College, Bangalore",Bangalore,Karnataka,MBBS,Employees State Insurance Scheme(ESI),SC,129175,189177,15
"Employees State Insurance Corporation Medical College, Bangalore",Bangalore,Karnataka,MBBS,Employees State Insurance Scheme(ESI),ST,137078,234452,4
"Employees State Insurance Corporation Medical College, Faridabad",Faridabad,Haryana,MBBS,All India,EWS,5779,6268,4
"Employees State Insurance Corporation Medical College, Faridabad",Faridabad,Haryana,MBBS,All India,General,2556,4616,20
"Employees State Insurance Corporation Medical College, Faridabad",Faridabad,Haryana,MBBS,All India,OBC,4255,6024,10
"Employees State Insurance Corporation Medical College, Faridabad",Faridabad,Haryana,MBBS,All India,SC,21674,30213,3
"Employees State Insurance Corporation Medical College, Faridabad",Faridabad,Haryana,MBBS,All India,ST,48328,62829,2
"Employees State Insurance Corporation Medical College, Faridabad",Faridabad,Haryana,MBBS,Employees State Insurance Scheme(ESI),EWS,11752,14082,6
"Employees State Insurance Corporation Medical College, Faridabad",Faridabad,Haryana,MBBS,Employees State Insurance Scheme(ESI),General,6215,12031,34
"Employees State Insurance Corporation Medical College, Faridabad",Faridabad,Haryana,MBBS,Employees State Insurance Scheme(ESI),OBC,11451,15156,19
"Employees State Insurance Corporation Medical College, Faridabad",Faridabad,Haryana,MBBS,Employees State Insurance Scheme(ESI),SC,44972,87274,12
"Employees State Insurance Corporation Medical College, Faridabad",Faridabad,Haryana,MBBS,Employees State Insurance Scheme(ESI),ST,82873,160777,4
"Employees State Insurance Corporation Medical College, Gulbarga",Gulbarga,Karnataka,MBBS,All India,EWS,12138,17755,4
"Employees State Insurance Corporation Medical College, Gulbarga",Gulbarga,Karnataka,MBBS,All India,General,5917,12602,18
"Employees State Insurance Corporation Medical College, Gulbarga",Gulbarga,Karnataka,MBBS,All India,OBC,10884,14812,10
"Employees State Insurance Corporation Medical College, Gulbarga",Gulbarga,Karnataka,MBBS,All India,SC,43058,64194,4
"Employees State Insurance Corporation Medical College, Gulbarga",Gulbarga,Karnataka,MBBS,Employees State Insurance Scheme(ESI),EWS,40211,50536,14
"Employees State Insurance Corporation Medical College, Gulbarga",Gulbarga,Karnataka,MBBS,Employees State Insurance Scheme(ESI),General,19974,48241,47
"Employees State Insurance Corporation Medical College, Gulbarga",Gulbarga,Karnataka,MBBS,Employees State Insurance Scheme(ESI),OBC,39439,49113,34
"Employees State Insurance Corporation Medical College, Gulbarga",Gulbarga,Karnataka,MBBS,Employees State Insurance Scheme(ESI),SC,167919,195643,18
"Employees State Insurance Corporation Medical College, Gulbarga",Gulbarga,Karnataka,MBBS,Employees State Insurance Scheme(ESI),ST,257629,314665,8
"Employees State Insurance Corporation Medical College, Joka, Kolkata",Kolkata,West Bengal,MBBS,All India,EWS,12156,12581,4
"Employees State Insurance Corporation Medical College, Joka, Kolkata",Kolkata,West Bengal,MBBS,All India,General,5513,13062,20
"Employees State Insurance Corporation Medical College, Joka, Kolkata",Kolkata,West Bengal,MBBS,All India,OBC,11868,14234,10
"Employees State Insurance Corporation Medical College, Joka, Kolkata",Kolkata,West Bengal,MBBS,All India,SC,51741,83583,6
"Employees State Insurance Corporation Medical College, Joka, Kolkata",Kolkata,West Bengal,MBBS,All India,ST,88375,88375,2
"Employees State Insurance Corporation Medical College, Joka, Kolkata",Kolkata,West Bengal,MBBS,Employees State Insurance Scheme(ESI),EWS,47253,49162,14
"Employees State Insurance Corporation Medical College, Joka, Kolkata",Kolkata,West Bengal,MBBS,Employees State Insurance Scheme(ESI),General,17288,50011,56
"Employees State Insurance Corporation Medical College, Joka, Kolkata",Kolkata,West Bengal,MBBS,Employees State Insurance Scheme(ESI),OBC,47109,50749,37
"Employees State Insurance Corporation Medical College, Joka, Kolkata",Kolkata,West Bengal,MBBS,Employees State Insurance Scheme(ESI),SC,152524,197161,14
"Employees State Insurance Corporation Medical College, Joka, Kolkata",Kolkata,West Bengal,MBBS,Employees State Insurance Scheme(ESI),ST,330540,364342,11
"Employees State Insurance Corporation Medical College, Patna",Patna,Bihar,MBBS,All India,EWS,12291,14770,2
"Employees State Insurance Corporation Medical College, Patna",Patna,Bihar,MBBS,All India,General,6855,11623,12
"Employees State Insurance Corporation Medical College, Patna",Patna,Bihar,MBBS,All India,OBC,11212,14059,8
"Employees State Insurance Corporation Medical College, Patna",Patna,Bihar,MBBS,All India,SC,41121,73339,4
"Employees State Insurance Corporation Medical College, Patna",Patna,Bihar,MBBS,All India,ST,94246,94601,2
"Employees State Insurance Corporation Medical College, Patna",Patna,Bihar,MBBS,Employees State Insurance Scheme(ESI),EWS,41186,46588,5
"Employees State Insurance Corporation Medical College, Patna",Patna,Bihar,MBBS,Employees State Insurance Scheme(ESI),General,17528,39328,26
"Employees State Insurance Corporation Medical College, Patna",Patna,Bihar,MBBS,Employees State Insurance Scheme(ESI),OBC,39432,45795,15
"Employees State Insurance Corporation Medical College, Patna",Patna,Bihar,MBBS,Employees State Insurance Scheme(ESI),SC,159097,199789,8
"Employees State Insurance Corporation Medical College, Patna",Patna,Bihar,MBBS,Employees State Insurance Scheme(ESI),ST,250121,346533,6
"FACULTY OF DEN SCI, KG MED UNIV",KG MED UNIV,Uttar Pradesh,BDS,All India,EWS,28387,33123,4
"FACULTY OF DEN SCI, KG MED UNIV",KG MED UNIV,Uttar Pradesh,BDS,All India,General,19713,29611,6
"FACULTY OF DEN SCI, KG MED UNIV",KG MED UNIV,Uttar Pradesh,BDS,All India,OBC,27188,30749,4
"FACULTY OF DEN SCI, KG MED UNIV",KG MED UNIV,Uttar Pradesh,BDS,All India,SC,117489,118506,2
"FACULTY OF DEN SCI, KG MED UNIV",KG MED UNIV,Uttar Pradesh,BDS,All India,ST,143279,169727,2
"Faculty of Dentistry, Jamia Millia Islamia, New Delhi",New Delhi,Delhi,BDS,Jamia Internal Quota,General,36433,45252,6
"Faculty of Dentistry, Jamia Millia Islamia, New Delhi",New Delhi,Delhi,BDS,Muslim OBC Quota,OBC,31561,37816,7
"Faculty of Dentistry, Jamia Millia Islamia, New Delhi",New Delhi,Delhi,BDS,Muslim Quota,General,31561,39282,29
"Faculty of Dentistry, Jamia Millia Islamia, New Delhi",New Delhi,Delhi,BDS,Muslim ST Quota,ST,140796,140796,2
"Faculty of Dentistry, Jamia Millia Islamia, New Delhi",New Delhi,Delhi,BDS,Muslim Women Quota,General,32741,39771,10
"Faculty of Dentistry, Jamia Millia Islamia, New Delhi",New Delhi,Delhi,BDS,Non-Resident Indian,General,787088,956703,2
"Faculty of Dentistry, Jamia Millia Islamia, New Delhi",New Delhi,Delhi,BDS,Open Seat Quota,General,18253,36196,35
"Faculty of Medicine , Sri Lalithambigai Medical College and Hospital",Sri Lalithambigai Medical College and Hospital,Tamil Nadu,MBBS,Non-Resident Indian,General,957789,957789,1
"Faculty of Medicine , Sri Lalithambigai Medical College and Hospital",Sri Lalithambigai Medical College and Hospital,Tamil Nadu,MBBS,Self-Financed Merit Seat,General,110593,736600,319
"Fakhruddin Ali Ahmed Medical College, Barpeta, Assam",Assam,Assam,MBBS,All India,EWS,19448,26662,4
"Fakhruddin Ali Ahmed Medical College, Barpeta, Assam",Assam,Assam,MBBS,All India,General,10993,23611,13
"Fakhruddin Ali Ahmed Medical College, Barpeta, Assam",Assam,Assam,MBBS,All India,OBC,20022,23751,10
"Fakhruddin Ali Ahmed Medical College, Barpeta, Assam",Assam,Assam,MBBS,All India,SC,94877,118002,6
"Fakhruddin Ali Ahmed Medical College, Barpeta, Assam",Assam,Assam,MBBS,All India,ST,102050,111572,2
GDC,,,BDS,All India,EWS,36690,36867,4
GDC,,,BDS,All India,General,13511,33658,12
GDC,,,BDS,All India,OBC,31964,34518,8
GDC,,,BDS,All India,SC,138710,147337,4
GDC,,,BDS,All India,ST,93974,176178,2
"GITAM Institute of Medical Sciences and Research, Visakhapatnam",Visakhapatnam,Andhra Pradesh,MBBS,Self-Financed Merit Seat,General,44430,666201,220
"GMERS Medical College, Navsari",Navsari,Uttar Pradesh,MBBS,All India,EWS,18540,20614,2
"GMERS Medical College, Navsari",Navsari,Uttar Pradesh,MBBS,All India,General,9418,20370,14
"GMERS Medical College, Navsari",Navsari,Uttar Pradesh,MBBS,All India,OBC,16287,21719,8
"GMERS Medical College, Navsari",Navsari,Uttar Pradesh,MBBS,All India,SC,56555,97031,2
"GMERS Medical College, Rajpipla",Rajpipla,Gujarat,MBBS,All India,EWS,22147,25238,2
"GMERS Medical College, Rajpipla",Rajpipla,Gujarat,MBBS,All India,General,16826,22808,12
"GMERS Medical College, Rajpipla",Rajpipla,Gujarat,MBBS,All India,OBC,18844,24585,6
"GMERS Medical College, Rajpipla",Rajpipla,Gujarat,MBBS,All India,SC,85699,106688,6
"GMERS Medical College, Rajpipla",Rajpipla,Gujarat,MBBS,All India,ST,115953,115953,2
"GOA DENTAL COLLEGE & HOSPITAL, GOA",GOA,Goa,BDS,All India,General,34199,37405,8
"GOA DENTAL COLLEGE & HOSPITAL, GOA",GOA,Goa,BDS,All India,OBC,38039,38841,4
"GOA DENTAL COLLEGE & HOSPITAL, GOA",GOA,Goa,BDS,All India,SC,112065,154900,2
"GOVERMENT MEDICAL COLLEGE, SHEOPUR",SHEOPUR,Madhya Pradesh,MBBS,All India,EWS,17737,19834,2
"GOVERMENT MEDICAL COLLEGE, SHEOPUR",SHEOPUR,Madhya Pradesh,MBBS,All India,General,13103,18102,10
"GOVERMENT MEDICAL COLLEGE, SHEOPUR",SHEOPUR,Madhya Pradesh,MBBS,All India,OBC,15979,18917,8
"GOVERMENT MEDICAL COLLEGE, SHEOPUR",SHEOPUR,Madhya Pradesh,MBBS,All India,SC,75130,86545,6
"GOVERMENT MEDICAL COLLEGE, SHEOPUR",SHEOPUR,Madhya Pradesh,MBBS,All India,ST,91711,103309,2
GOVERNMENT MEDICAL COLLEGE JANGAON,,Telangana,MBBS,All India,EWS,20973,20973,2
GOVERNMENT MEDICAL COLLEGE JANGAON,,Telangana,MBBS,All India,General,15502,23600,12
GOVERNMENT MEDICAL COLLEGE JANGAON,,Telangana,MBBS,All India,OBC,19106,24597,8
GOVERNMENT MEDICAL COLLEGE JANGAON,,Telangana,MBBS,All India,SC,89445,113893,6
GOVERNMENT MEDICAL COLLEGE JANGAON,,Telangana,MBBS,All India,ST,117779,127987,2
GOVERNMENT MEDICAL COLLEGE KHAMMAM,,Telangana,MBBS,All India,EWS,24791,26699,4
GOVERNMENT MEDICAL COLLEGE KHAMMAM,,Telangana,MBBS,All India,General,17373,24502,10
GOVERNMENT MEDICAL COLLEGE KHAMMAM,,Telangana,MBBS,All India,OBC,20281,24716,6
GOVERNMENT MEDICAL COLLEGE KHAMMAM,,Telangana,MBBS,All India,SC,96511,118972,4
GOVERNMENT MEDICAL COLLEGE KHAMMAM,,Telangana,MBBS,All India,ST,120241,126658,4
GOVERNMENT MEDICAL COLLEGE KUMURAM BHEEM ASIFAFABAD,,Telangana,MBBS,All India,EWS,25511,28849,4
GOVERNMENT MEDICAL COLLEGE KUMURAM BHEEM ASIFAFABAD,,Telangana,MBBS,All India,General,20228,24972,10
GOVERNMENT MEDICAL COLLEGE KUMURAM BHEEM ASIFAFABAD,,Telangana,MBBS,All India,OBC,21961,25533,8
GOVERNMENT MEDICAL COLLEGE KUMURAM BHEEM ASIFAFABAD,,Telangana,MBBS,All India,SC,95090,115472,4
GOVERNMENT MEDICAL COLLEGE KUMURAM BHEEM ASIFAFABAD,,Telangana,MBBS,All India,ST,125232,129560,2
"GOVERNMENT MEDICAL COLLEGE PHULBANI , KANDHAMAL",KANDHAMAL,Odisha,MBBS,All India,EWS,22418,26847,4
"GOVERNMENT MEDICAL COLLEGE PHULBANI , KANDHAMAL",KANDHAMAL,Odisha,MBBS,All India,General,14568,23838,10
"GOVERNMENT MEDICAL COLLEGE PHULBANI , KANDHAMAL",KANDHAMAL,Odisha,MBBS,All India,OBC,18536,24516,8
"GOVERNMENT MEDICAL COLLEGE PHULBANI , KANDHAMAL",KANDHAMAL,Odisha,MBBS,All India,SC,76148,117090,4
"GOVERNMENT MEDICAL COLLEGE PHULBANI , KANDHAMAL",KANDHAMAL,Odisha,MBBS,All India,ST,127183,129479,2
GOVERNMENT MEDICAL COLLEGE SINGRAULI,,Madhya Pradesh,MBBS,All India,EWS,18500,23222,4
GOVERNMENT MEDICAL COLLEGE SINGRAULI,,Madhya Pradesh,MBBS,All India,General,14039,19456,12
GOVERNMENT MEDICAL COLLEGE SINGRAULI,,Madhya Pradesh,MBBS,All India,OBC,17067,20285,8
GOVERNMENT MEDICAL COLLEGE SINGRAULI,,Madhya Pradesh,MBBS,All India,SC,87819,89495,4
GOVERNMENT MEDICAL COLLEGE SINGRAULI,,Madhya Pradesh,MBBS,All India,ST,91711,110270,2
GOVERNMENT MEDICAL COLLEGE VIKARABAD,,Telangana,MBBS,All India,EWS,25653,28641,4
GOVERNMENT MEDICAL COLLEGE VIKARABAD,,Telangana,MBBS,All India,General,17727,24301,12
GOVERNMENT MEDICAL COLLEGE VIKARABAD,,Telangana,MBBS,All India,OBC,22483,25400,8
GOVERNMENT MEDICAL COLLEGE VIKARABAD,,Telangana,MBBS,All India,SC,97662,119435,4
GOVERNMENT MEDICAL COLLEGE VIKARABAD,,Telangana,MBBS,All India,ST,109260,128033,2
"GOVERNMENT MEDICAL COLLEGE, KODANGAL",KODANGAL,Telangana,MBBS,All India,EWS,26848,26848,2
"GOVERNMENT MEDICAL COLLEGE, KODANGAL",KODANGAL,Telangana,MBBS,All India,General,18167,25114,6
"GOVERNMENT MEDICAL COLLEGE, KODANGAL",KODANGAL,Telangana,MBBS,All India,OBC,22303,25537,4
"GOVERNMENT MEDICAL COLLEGE, KODANGAL",KODANGAL,Telangana,MBBS,All India,SC,67198,119656,2
GOVT DEN COLL DENTAL WING PATIALA,,Punjab,BDS,All India,General,30507,38266,6
GOVT DEN COLL DENTAL WING PATIALA,,Punjab,BDS,All India,OBC,36986,39740,4
GOVT DEN COLL DENTAL WING PATIALA,,Punjab,BDS,All India,SC,148087,148087,2
GOVT DEN COLL DENTAL WING PATIALA,,Punjab,BDS,All India,ST,148216,170210,2
GOVT DENTAL COLLEGE Kannur,,Kerala,BDS,All India,EWS,29532,48438,2
GOVT DENTAL COLLEGE Kannur,,Kerala,BDS,All India,General,18062,40509,8
GOVT DENTAL COLLEGE Kannur,,Kerala,BDS,All India,OBC,33759,44959,4
GOVT DENTAL COLLEGE Kannur,,Kerala,BDS,All India,SC,88697,164500,2
GOVT DENTAL COLLEGE Kannur,,Kerala,BDS,All India,ST,165373,195049,2
"GOVT. COLLEGE OF DENTISTRY, INDORE",INDORE,Madhya Pradesh,BDS,All India,EWS,39181,42391,4
"GOVT. COLLEGE OF DENTISTRY, INDORE",INDORE,Madhya Pradesh,BDS,All India,General,26968,37987,12
"GOVT. COLLEGE OF DENTISTRY, INDORE",INDORE,Madhya Pradesh,BDS,All India,OBC,38157,40528,8
"GOVT. COLLEGE OF DENTISTRY, INDORE",INDORE,Madhya Pradesh,BDS,All India,SC,127981,143699,2
GOVT. D.C. & RESEARCH INST,,Karnataka,BDS,All India,General,14015,36269,10
GOVT. D.C. & RESEARCH INST,,Karnataka,BDS,All India,OBC,35150,38039,4
GOVT. D.C. & RESEARCH INST,,Karnataka,BDS,All India,SC,125629,125629,2
GOVT. D.C. & RESEARCH INST,,Karnataka,BDS,All India,ST,133637,162086,2
"GOVT. DC & RESEARCH INSt., BELLARY",BELLARY,Karnataka,BDS,All India,EWS,43050,43960,2
"GOVT. DC & RESEARCH INSt., BELLARY",BELLARY,Karnataka,BDS,All India,General,15767,22668,4
"GOVT. DC & RESEARCH INSt., BELLARY",BELLARY,Karnataka,BDS,All India,OBC,30068,42213,6
"GOVT. DC & RESEARCH INSt., BELLARY",BELLARY,Karnataka,BDS,All India,SC,56018,145810,2
"GOVT. DC & RESEARCH INSt., BELLARY",BELLARY,Karnataka,BDS,All India,ST,79960,165374,2
"GOVT. DENTAL COLL.& HOSP., JAMNAGAR",JAMNAGAR,Gujarat,BDS,All India,EWS,41191,41994,4
"GOVT. DENTAL COLL.& HOSP., JAMNAGAR",JAMNAGAR,Gujarat,BDS,All India,General,13096,37336,12
"GOVT. DENTAL COLL.& HOSP., JAMNAGAR",JAMNAGAR,Gujarat,BDS,All India,OBC,36439,39584,8
"GOVT. DENTAL COLL.& HOSP., JAMNAGAR",JAMNAGAR,Gujarat,BDS,All India,SC,87839,150521,4
"GOVT. DENTAL COLL.& HOSP., JAMNAGAR",JAMNAGAR,Gujarat,BDS,All India,ST,64796,204374,4
GOVT. DENTAL COLLEGE & HOSP.,,Maharashtra,BDS,All India,EWS,36910,44030,10
GOVT. DENTAL COLLEGE & HOSP.,,Maharashtra,BDS,All India,General,20096,41017,35
GOVT. DENTAL COLLEGE & HOSP.,,Maharashtra,BDS,All India,OBC,35055,42662,25
GOVT. DENTAL COLLEGE & HOSP.,,Maharashtra,BDS,All India,SC,124621,166385,12
GOVT. DENTAL COLLEGE & HOSP.,,Maharashtra,BDS,All India,ST,148250,176958,7
"GOVT. DENTAL COLLEGE, KOTTAYAM",KOTTAYAM,Kerala,BDS,All India,General,31482,41221,6
"GOVT. DENTAL COLLEGE, KOTTAYAM",KOTTAYAM,Kerala,BDS,All India,OBC,34266,44018,4
"GOVT. DENTAL COLLEGE, KOTTAYAM",KOTTAYAM,Kerala,BDS,All India,SC,139199,139199,2
"GOVT. DENTAL COLLEGE, KOZIKODE",KOZIKODE,Kerala,BDS,All India,EWS,38688,47196,2
"GOVT. DENTAL COLLEGE, KOZIKODE",KOZIKODE,Kerala,BDS,All India,General,8619,28576,6
"GOVT. DENTAL COLLEGE, KOZIKODE",KOZIKODE,Kerala,BDS,All India,OBC,29313,32907,4
"GOVT. DENTAL COLLEGE, KOZIKODE",KOZIKODE,Kerala,BDS,All India,SC,139009,139229,2
"GOVT. DENTAL COLLEGE, KOZIKODE",KOZIKODE,Kerala,BDS,All India,ST,105041,147178,2
"GOVT. DENTAL COLLEGE, RAIPUR",RAIPUR,Chhattisgarh,BDS,All India,EWS,40714,42034,4
"GOVT. DENTAL COLLEGE, RAIPUR",RAIPUR,Chhattisgarh,BDS,All India,General,31853,40291,12
"GOVT. DENTAL COLLEGE, RAIPUR",RAIPUR,Chhattisgarh,BDS,All India,OBC,39282,42306,8
"GOVT. DENTAL COLLEGE, RAIPUR",RAIPUR,Chhattisgarh,BDS,All India,SC,100568,166156,4
"GOVT. DENTAL COLLEGE, RAIPUR",RAIPUR,Chhattisgarh,BDS,All India,ST,173106,195257,2
"GOVT. DENTAL COLLEGE, SHIMLA",SHIMLA,Himachal Pradesh,BDS,All India,General,25485,36942,8
"GOVT. DENTAL COLLEGE, SHIMLA",SHIMLA,Himachal Pradesh,BDS,All India,OBC,37775,39939,6
"GOVT. DENTAL COLLEGE, SHIMLA",SHIMLA,Himachal Pradesh,BDS,All India,SC,116432,146047,4
"GOVT. DENTAL COLLEGE, SHIMLA",SHIMLA,Himachal Pradesh,BDS,All India,ST,150009,150009,2
"GOVT. DENTAL COLLEGE, TRIVANDRUM",TRIVANDRUM,Kerala,BDS,All India,EWS,39392,46341,2
"GOVT. DENTAL COLLEGE, TRIVANDRUM",TRIVANDRUM,Kerala,BDS,All India,General,17987,35009,6
"GOVT. DENTAL COLLEGE, TRIVANDRUM",TRIVANDRUM,Kerala,BDS,All India,OBC,32564,43799,4
"GOVT. DENTAL COLLEGE, TRIVANDRUM",TRIVANDRUM,Kerala,BDS,All India,SC,136473,162848,4
"GOVT. DENTAL COLLEGE, TRIVANDRUM",TRIVANDRUM,Kerala,BDS,All India,ST,163096,163096,2
"GSVM Medical College, Kanpur",Kanpur,Uttar Pradesh,MBBS,All India,EWS,4718,7088,6
"GSVM Medical College, Kanpur",Kanpur,Uttar Pradesh,MBBS,All India,General,1720,5791,32
"GSVM Medical College, Kanpur",Kanpur,Uttar Pradesh,MBBS,All India,OBC,4695,6317,20
"GSVM Medical College, Kanpur",Kanpur,Uttar Pradesh,MBBS,All India,SC,29398,47122,12
"GSVM Medical College, Kanpur",Kanpur,Uttar Pradesh,MBBS,All India,ST,46132,55221,3
"Gajra Raja Medical College, Gwalior",Gwalior,Madhya Pradesh,MBBS,All India,EWS,8034,11628,8
"Gajra Raja Medical College, Gwalior",Gwalior,Madhya Pradesh,MBBS,All India,General,4112,8523,26
"Gajra Raja Medical College, Gwalior",Gwalior,Madhya Pradesh,MBBS,All India,OBC,6657,9573,20
"Gajra Raja Medical College, Gwalior",Gwalior,Madhya Pradesh,MBBS,All India,SC,22860,62526,10
"Gajra Raja Medical College, Gwalior",Gwalior,Madhya Pradesh,MBBS,All India,ST,61060,64271,6
"Gandhi Medical College, Bhopal",Bhopal,Madhya Pradesh,MBBS,All India,EWS,6530,10737,8
"Gandhi Medical College, Bhopal",Bhopal,Madhya Pradesh,MBBS,All India,General,2182,6642,30
"Gandhi Medical College, Bhopal",Bhopal,Madhya Pradesh,MBBS,All India,OBC,5433,7582,18
"Gandhi Medical College, Bhopal",Bhopal,Madhya Pradesh,MBBS,All India,SC,28728,58073,10
"Gandhi Medical College, Bhopal",Bhopal,Madhya Pradesh,MBBS,All India,ST,47004,61354,6
"Gandhi Medical College, Secunderabad",Secunderabad,Telangana,MBBS,All India,EWS,4197,4691,6
"Gandhi Medical College, Secunderabad",Secunderabad,Telangana,MBBS,All India,General,1561,3222,21
"Gandhi Medical College, Secunderabad",Secunderabad,Telangana,MBBS,All India,OBC,2805,4352,14
"Gandhi Medical College, Secunderabad",Secunderabad,Telangana,MBBS,All India,SC,18175,39544,7
"Gandhi Medical College, Secunderabad",Secunderabad,Telangana,MBBS,All India,ST,34485,34802,3
"Gauhati Medical College, Guwahati",Guwahati,Assam,MBBS,All India,EWS,8274,10474,4
"Gauhati Medical College, Guwahati",Guwahati,Assam,MBBS,All India,General,3711,6595,27
"Gauhati Medical College, Guwahati",Guwahati,Assam,MBBS,All India,OBC,7107,13810,17
"Gauhati Medical College, Guwahati",Guwahati,Assam,MBBS,All India,SC,28321,73928,7
"Gauhati Medical College, Guwahati",Guwahati,Assam,MBBS,All India,ST,45591,47489,4
"Goa Medical College, Panaji",Panaji,Goa,MBBS,All India,EWS,10593,16736,8
"Goa Medical College, Panaji",Panaji,Goa,MBBS,All India,General,3033,9448,28
"Goa Medical College, Panaji",Panaji,Goa,MBBS,All India,OBC,8402,13533,18
"Goa Medical College, Panaji",Panaji,Goa,MBBS,All India,SC,46355,59935,10
"Goa Medical College, Panaji",Panaji,Goa,MBBS,All India,ST,87011,90874,6
"Goverment Dental College & Hospital, Jalgaon",Jalgaon,Maharashtra,BDS,All India,General,21366,29842,8
"Goverment Dental College & Hospital, Jalgaon",Jalgaon,Maharashtra,BDS,All India,OBC,24743,32164,4
"Goverment Dental College & Hospital, Jalgaon",Jalgaon,Maharashtra,BDS,All India,SC,115724,133723,4
"Government Allopathic Medical College, Banda, UP",UP,Uttar Pradesh,MBBS,All India,EWS,13865,14357,4
"Government Allopathic Medical College, Banda, UP",UP,Uttar Pradesh,MBBS,All India,General,10102,13212,12
"Government Allopathic Medical College, Banda, UP",UP,Uttar Pradesh,MBBS,All India,OBC,11629,14692,6
"Government Allopathic Medical College, Banda, UP",UP,Uttar Pradesh,MBBS,All India,SC,64279,82291,4
"Government Allopathic Medical College, Banda, UP",UP,Uttar Pradesh,MBBS,All India,ST,95643,95643,2
"Government Dental College & Hospital, Srinagar",Srinagar,Jammu and Kashmir,BDS,All India,EWS,38728,46453,4
"Government Dental College & Hospital, Srinagar",Srinagar,Jammu and Kashmir,BDS,All India,General,18386,40362,6
"Government Dental College & Hospital, Srinagar",Srinagar,Jammu and Kashmir,BDS,All India,OBC,33001,42171,6
"Government Dental College & Hospital, Srinagar",Srinagar,Jammu and Kashmir,BDS,All India,SC,128176,160913,2
Government Dental College Dibrugarh,,Assam,BDS,All India,EWS,42348,44582,2
Government Dental College Dibrugarh,,Assam,BDS,All India,General,31225,44053,6
Government Dental College Dibrugarh,,Assam,BDS,All India,OBC,41558,44928,2
Government Dental College Dibrugarh,,Assam,BDS,All India,SC,152675,165652,4
Government Dental College Dibrugarh,,Assam,BDS,All India,ST,159356,190415,2
Government Dental College Hyderabad,,Telangana,BDS,All India,EWS,38811,45878,4
Government Dental College Hyderabad,,Telangana,BDS,All India,General,33901,38295,10
Government Dental College Hyderabad,,Telangana,BDS,All India,OBC,37529,42015,10
Government Dental College Hyderabad,,Telangana,BDS,All India,SC,142458,157093,4
Government Dental College Hyderabad,,Telangana,BDS,All India,ST,146309,172437,2
"Government Dental College and Hospital, Vijayawada",Vijayawada,Andhra Pradesh,BDS,All India,EWS,41711,41711,2
"Government Dental College and Hospital, Vijayawada",Vijayawada,Andhra Pradesh,BDS,All India,General,22903,25661,2
"Government Dental College and Hospital, Vijayawada",Vijayawada,Andhra Pradesh,BDS,All India,OBC,22916,40818,4
"Government Dental College and Hospital, Vijayawada",Vijayawada,Andhra Pradesh,BDS,All India,SC,110907,140257,2
"Government Dental College and Hospital, Vijayawada",Vijayawada,Andhra Pradesh,BDS,All India,ST,142672,144279,2
"Government Dental College, Alappuzha",Alappuzha,Kerala,BDS,All India,EWS,43546,47398,2
"Government Dental College, Alappuzha",Alappuzha,Kerala,BDS,All India,General,6783,29096,6
"Government Dental College, Alappuzha",Alappuzha,Kerala,BDS,All India,OBC,22557,43102,4
"Government Dental College, Alappuzha",Alappuzha,Kerala,BDS,All India,SC,126929,126929,2
"Government Dental College, Jodhpur",Jodhpur,Rajasthan,BDS,All India,EWS,33863,37739,2
"Government Dental College, Jodhpur",Jodhpur,Rajasthan,BDS,All India,General,22252,34791,4
"Government Dental College, Jodhpur",Jodhpur,Rajasthan,BDS,All India,OBC,28217,35194,4
"Government Dental College, Jodhpur",Jodhpur,Rajasthan,BDS,All India,SC,127272,127686,2
"Government Dental College, Jodhpur",Jodhpur,Rajasthan,BDS,All India,ST,108539,166616,2
"Government Dental College, Silchar",Silchar,Assam,BDS,All India,EWS,44897,45010,2
"Government Dental College, Silchar",Silchar,Assam,BDS,All India,General,27389,34016,6
"Government Dental College, Silchar",Silchar,Assam,BDS,All India,OBC,34533,45279,6
"Government Dental College, Silchar",Silchar,Assam,BDS,All India,SC,105702,105702,2
"Government Dharmapuri Medical College, Dharmapuri",Dharmapuri,Tamil Nadu,MBBS,All India,EWS,23637,25694,4
"Government Dharmapuri Medical College, Dharmapuri",Dharmapuri,Tamil Nadu,MBBS,All India,General,6485,17431,10
"Government Dharmapuri Medical College, Dharmapuri",Dharmapuri,Tamil Nadu,MBBS,All India,OBC,10399,17820,8
"Government Dharmapuri Medical College, Dharmapuri",Dharmapuri,Tamil Nadu,MBBS,All India,SC,45964,103549,6
"Government Dharmapuri Medical College, Dharmapuri",Dharmapuri,Tamil Nadu,MBBS,All India,ST,108496,108496,1
"Government Erode Medical College & Hospital, Perundurai (Formerly IRT Perundurai Medical College)",Perundurai (Formerly IRT Perundurai Medical College),Tamil Nadu,MBBS,All India,EWS,21181,27958,2
"Government Erode Medical College & Hospital, Perundurai (Formerly IRT Perundurai Medical College)",Perundurai (Formerly IRT Perundurai Medical College),Tamil Nadu,MBBS,All India,General,6598,16673,14
"Government Erode Medical College & Hospital, Perundurai (Formerly IRT Perundurai Medical College)",Perundurai (Formerly IRT Perundurai Medical College),Tamil Nadu,MBBS,All India,OBC,9647,17089,8
"Government Erode Medical College & Hospital, Perundurai (Formerly IRT Perundurai Medical College)",Perundurai (Formerly IRT Perundurai Medical College),Tamil Nadu,MBBS,All India,SC,42172,105170,4
"Government Erode Medical College & Hospital, Perundurai (Formerly IRT Perundurai Medical College)",Perundurai (Formerly IRT Perundurai Medical College),Tamil Nadu,MBBS,All India,ST,100550,125412,2
"Government Institute of Medical Sciences, Kasna, Greater Noida",Greater Noida,Uttar Pradesh,MBBS,All India,EWS,5420,5420,2
"Government Institute of Medical Sciences, Kasna, Greater Noida",Greater Noida,Uttar Pradesh,MBBS,All India,General,3897,5808,12
"Government Institute of Medical Sciences, Kasna, Greater Noida",Greater Noida,Uttar Pradesh,MBBS,All India,OBC,4661,6323,10
"Government Institute of Medical Sciences, Kasna, Greater Noida",Greater Noida,Uttar Pradesh,MBBS,All India,SC,29052,31077,4
"Government Institute of Medical Sciences, Kasna, Greater Noida",Greater Noida,Uttar Pradesh,MBBS,All India,ST,52810,67369,2
Government Medical College,,Kerala,MBBS,All India,EWS,12271,16464,4
Government Medical College,,Kerala,MBBS,All India,General,4660,19716,25
Government Medical College,,Kerala,MBBS,All India,OBC,6593,20676,18
Government Medical College,,Kerala,MBBS,All India,SC,56153,93484,11
Government Medical College,,Kerala,MBBS,All India,ST,94965,115914,4
Government Medical College,,Kerala,MBBS,Employees State Insurance Scheme(ESI),EWS,21297,52996,4
Government Medical College,,Kerala,MBBS,Employees State Insurance Scheme(ESI),General,8413,33257,28
Government Medical College,,Kerala,MBBS,Employees State Insurance Scheme(ESI),OBC,21075,33520,11
Government Medical College,,Kerala,MBBS,Employees State Insurance Scheme(ESI),SC,88230,183904,6
Government Medical College,,Kerala,MBBS,Employees State Insurance Scheme(ESI),ST,332892,361468,6
"Government Medical College & ESIC Hospital, Coimbatore, TamilNadu",TamilNadu,Tamil Nadu,MBBS,All India,EWS,13142,19844,2
"Government Medical College & ESIC Hospital, Coimbatore, TamilNadu",TamilNadu,Tamil Nadu,MBBS,All India,General,4208,14253,12
"Government Medical College & ESIC Hospital, Coimbatore, TamilNadu",TamilNadu,Tamil Nadu,MBBS,All India,OBC,7779,14720,8
"Government Medical College & ESIC Hospital, Coimbatore, TamilNadu",TamilNadu,Tamil Nadu,MBBS,All India,SC,27062,79281,4
"Government Medical College & ESIC Hospital, Coimbatore, TamilNadu",TamilNadu,Tamil Nadu,MBBS,All India,ST,87765,87765,2
"Government Medical College & ESIC Hospital, Coimbatore, TamilNadu",TamilNadu,Tamil Nadu,MBBS,Employees State Insurance Scheme(ESI),EWS,50173,50764,4
"Government Medical College & ESIC Hospital, Coimbatore, TamilNadu",TamilNadu,Tamil Nadu,MBBS,Employees State Insurance Scheme(ESI),General,20026,41983,15
"Government Medical College & ESIC Hospital, Coimbatore, TamilNadu",TamilNadu,Tamil Nadu,MBBS,Employees State Insurance Scheme(ESI),OBC,28252,44695,8
"Government Medical College & ESIC Hospital, Coimbatore, TamilNadu",TamilNadu,Tamil Nadu,MBBS,Employees State Insurance Scheme(ESI),SC,100088,166383,6
"Government Medical College & ESIC Hospital, Coimbatore, TamilNadu",TamilNadu,Tamil Nadu,MBBS,Employees State Insurance Scheme(ESI),ST,329961,329961,2
"Government Medical College & Hospital (Renamed as Bhima Bhoi Medical College & Hospital), Balangir",Balangir,Odisha,MBBS,All India,EWS,18828,22522,4
"Government Medical College & Hospital (Renamed as Bhima Bhoi Medical College & Hospital), Balangir",Balangir,Odisha,MBBS,All India,General,6722,16742,10
"Government Medical College & Hospital (Renamed as Bhima Bhoi Medical College & Hospital), Balangir",Balangir,Odisha,MBBS,All India,OBC,9520,19432,8
"Government Medical College & Hospital (Renamed as Bhima Bhoi Medical College & Hospital), Balangir",Balangir,Odisha,MBBS,All India,SC,67870,106855,4
"Government Medical College & Hospital (Renamed as Bhima Bhoi Medical College & Hospital), Balangir",Balangir,Odisha,MBBS,All India,ST,111797,122276,4
"Government Medical College & Hospital (Renamed as Fakir Mohan Medical College & Hospital), Balasore",Balasore,Odisha,MBBS,All India,EWS,13732,17856,2
"Government Medical College & Hospital (Renamed as Fakir Mohan Medical College & Hospital), Balasore",Balasore,Odisha,MBBS,All India,General,7478,14568,14
"Government Medical College & Hospital (Renamed as Fakir Mohan Medical College & Hospital), Balasore",Balasore,Odisha,MBBS,All India,OBC,9568,15923,8
"Government Medical College & Hospital (Renamed as Fakir Mohan Medical College & Hospital), Balasore",Balasore,Odisha,MBBS,All India,SC,50279,93273,2
"Government Medical College & Hospital (Renamed as Fakir Mohan Medical College & Hospital), Balasore",Balasore,Odisha,MBBS,All India,ST,105802,105802,2
"Government Medical College & Hospital Cuddalore, Since- 09-05-2025 (erstwhile Rajah Muthiah Medical College, cuddalore, T.N)",T.N),Tamil Nadu,MBBS,All India,EWS,24940,28262,6
"Government Medical College & Hospital Cuddalore, Since- 09-05-2025 (erstwhile Rajah Muthiah Medical College, cuddalore, T.N)",T.N),Tamil Nadu,MBBS,All India,General,7068,19833,16
"Government Medical College & Hospital Cuddalore, Since- 09-05-2025 (erstwhile Rajah Muthiah Medical College, cuddalore, T.N)",T.N),Tamil Nadu,MBBS,All India,OBC,11865,21027,12
"Government Medical College & Hospital Cuddalore, Since- 09-05-2025 (erstwhile Rajah Muthiah Medical College, cuddalore, T.N)",T.N),Tamil Nadu,MBBS,All India,SC,60165,112165,4
"Government Medical College & Hospital Cuddalore, Since- 09-05-2025 (erstwhile Rajah Muthiah Medical College, cuddalore, T.N)",T.N),Tamil Nadu,MBBS,All India,ST,117554,127279,2
"Government Medical College & Hospital, Baramati",Baramati,Maharashtra,MBBS,All India,EWS,11797,14928,4
"Government Medical College & Hospital, Baramati",Baramati,Maharashtra,MBBS,All India,General,6645,11893,12
"Government Medical College & Hospital, Baramati",Baramati,Maharashtra,MBBS,All India,OBC,10705,12675,8
"Government Medical College & Hospital, Baramati",Baramati,Maharashtra,MBBS,All India,SC,52605,78284,4
"Government Medical College & Hospital, Baramati",Baramati,Maharashtra,MBBS,All India,ST,64851,88058,2
"Government Medical College & Super facility Hospital, Azamgarh",Azamgarh,Uttar Pradesh,MBBS,All India,EWS,12778,14013,4
"Government Medical College & Super facility Hospital, Azamgarh",Azamgarh,Uttar Pradesh,MBBS,All India,General,8342,13011,10
"Government Medical College & Super facility Hospital, Azamgarh",Azamgarh,Uttar Pradesh,MBBS,All India,OBC,9732,13387,6
"Government Medical College & Super facility Hospital, Azamgarh",Azamgarh,Uttar Pradesh,MBBS,All India,SC,62795,80675,4
"Government Medical College & Super facility Hospital, Azamgarh",Azamgarh,Uttar Pradesh,MBBS,All India,ST,70175,91036,2
"Government Medical College (Bharat Ratna Shri Atal Bihari Vajpyee Memorial Med. Col.), Rajnandgaon",Rajnandgaon,Chhattisgarh,MBBS,All India,EWS,17277,21313,2
"Government Medical College (Bharat Ratna Shri Atal Bihari Vajpyee Memorial Med. Col.), Rajnandgaon",Rajnandgaon,Chhattisgarh,MBBS,All India,General,11529,16906,16
"Government Medical College (Bharat Ratna Shri Atal Bihari Vajpyee Memorial Med. Col.), Rajnandgaon",Rajnandgaon,Chhattisgarh,MBBS,All India,OBC,14595,18415,10
"Government Medical College (Bharat Ratna Shri Atal Bihari Vajpyee Memorial Med. Col.), Rajnandgaon",Rajnandgaon,Chhattisgarh,MBBS,All India,SC,77592,89468,6
"Government Medical College (Bharat Ratna Shri Atal Bihari Vajpyee Memorial Med. Col.), Rajnandgaon",Rajnandgaon,Chhattisgarh,MBBS,All India,ST,111088,111088,2
"Government Medical College (Institute of Integrated Medical Sciences), Yakkara, Palakkad",Palakkad,Kerala,MBBS,All India,EWS,18048,21239,2
"Government Medical College (Institute of Integrated Medical Sciences), Yakkara, Palakkad",Palakkad,Kerala,MBBS,All India,General,5015,14368,14
"Government Medical College (Institute of Integrated Medical Sciences), Yakkara, Palakkad",Palakkad,Kerala,MBBS,All India,OBC,7147,14871,8
"Government Medical College (Institute of Integrated Medical Sciences), Yakkara, Palakkad",Palakkad,Kerala,MBBS,All India,SC,60256,110976,4
"Government Medical College (Institute of Integrated Medical Sciences), Yakkara, Palakkad",Palakkad,Kerala,MBBS,All India,ST,97373,109898,2
"Government Medical College (Prev.Uttarakhand Forest Hospital Trust Med.Col.), Haldwani",Haldwani,Uttarakhand,MBBS,All India,EWS,9901,11692,4
"Government Medical College (Prev.Uttarakhand Forest Hospital Trust Med.Col.), Haldwani",Haldwani,Uttarakhand,MBBS,All India,General,4501,8562,13
"Government Medical College (Prev.Uttarakhand Forest Hospital Trust Med.Col.), Haldwani",Haldwani,Uttarakhand,MBBS,All India,OBC,8288,10052,9
"Government Medical College (Prev.Uttarakhand Forest Hospital Trust Med.Col.), Haldwani",Haldwani,Uttarakhand,MBBS,All India,SC,43895,53481,6
"Government Medical College (Prev.Uttarakhand Forest Hospital Trust Med.Col.), Haldwani",Haldwani,Uttarakhand,MBBS,All India,ST,71131,90103,4
Government Medical College Dantewada,,Chhattisgarh,MBBS,All India,EWS,23536,25939,2
Government Medical College Dantewada,,Chhattisgarh,MBBS,All India,General,17080,23348,6
Government Medical College Dantewada,,Chhattisgarh,MBBS,All India,OBC,20482,24084,4
Government Medical College Handwara,,Jammu and Kashmir,MBBS,All India,EWS,23303,26037,2
Government Medical College Handwara,,Jammu and Kashmir,MBBS,All India,General,13709,22792,12
Government Medical College Handwara,,Jammu and Kashmir,MBBS,All India,OBC,18074,23651,10
Government Medical College Handwara,,Jammu and Kashmir,MBBS,All India,SC,81626,99894,4
Government Medical College Handwara,,Jammu and Kashmir,MBBS,All India,ST,94888,105728,2
"Government Medical College Janjgir, Champa",Champa,Chhattisgarh,MBBS,All India,EWS,23222,24007,2
"Government Medical College Janjgir, Champa",Champa,Chhattisgarh,MBBS,All India,General,12772,20326,4
"Government Medical College Janjgir, Champa",Champa,Chhattisgarh,MBBS,All India,OBC,15119,21163,4
"Government Medical College Janjgir, Champa",Champa,Chhattisgarh,MBBS,All India,SC,70958,70958,2
Government Medical College Kasaragod,,Kerala,MBBS,All India,EWS,21035,21035,2
Government Medical College Kasaragod,,Kerala,MBBS,All India,General,8436,15702,4
Government Medical College Kasaragod,,Kerala,MBBS,All India,OBC,8735,16365,4
Government Medical College Kasaragod,,Kerala,MBBS,All India,SC,79577,96052,2
Government Medical College Kasaragod,,Kerala,MBBS,All India,ST,121466,127404,2
"Government Medical College L.T. Marg, Near L.T. Marg Police Station, Mumbai - 400001",Mumbai - 400001,Maharashtra,MBBS,All India,General,4231,8587,10
"Government Medical College L.T. Marg, Near L.T. Marg Police Station, Mumbai - 400001",Mumbai - 400001,Maharashtra,MBBS,All India,OBC,7476,9365,4
Government Medical College Medak,,Telangana,MBBS,All India,General,18892,25018,8
Government Medical College Medak,,Telangana,MBBS,All India,OBC,21841,25045,4
Government Medical College Medak,,Telangana,MBBS,All India,SC,101660,113559,2
Government Medical College Udhampur,,Jammu and Kashmir,MBBS,All India,EWS,18206,18206,2
Government Medical College Udhampur,,Jammu and Kashmir,MBBS,All India,General,13857,17599,10
Government Medical College Udhampur,,Jammu and Kashmir,MBBS,All India,OBC,15442,17983,6
Government Medical College Udhampur,,Jammu and Kashmir,MBBS,All India,SC,67692,92027,4
"Government Medical College, Akola",Akola,Maharashtra,MBBS,All India,EWS,15297,20467,6
"Government Medical College, Akola",Akola,Maharashtra,MBBS,All India,General,10283,16178,24
"Government Medical College, Akola",Akola,Maharashtra,MBBS,All India,OBC,14156,17609,16
"Government Medical College, Akola",Akola,Maharashtra,MBBS,All India,SC,51582,85192,10
"Government Medical College, Akola",Akola,Maharashtra,MBBS,All India,ST,96462,111517,4
"Government Medical College, Alibag",Alibag,Maharashtra,MBBS,All India,EWS,19384,22391,4
"Government Medical College, Alibag",Alibag,Maharashtra,MBBS,All India,General,10328,16068,10
"Government Medical College, Alibag",Alibag,Maharashtra,MBBS,All India,OBC,16433,19297,8
"Government Medical College, Alibag",Alibag,Maharashtra,MBBS,All India,SC,69124,98702,4
"Government Medical College, Alibag",Alibag,Maharashtra,MBBS,All India,ST,87720,111922,2
"Government Medical College, Alwar",Alwar,Rajasthan,MBBS,All India,General,6819,9867,12
"Government Medical College, Alwar",Alwar,Rajasthan,MBBS,All India,OBC,8396,11358,8
"Government Medical College, Alwar",Alwar,Rajasthan,MBBS,All India,SC,48237,66331,6
"Government Medical College, Alwar",Alwar,Rajasthan,MBBS,All India,ST,57661,57661,2
"Government Medical College, Ambernath",Ambernath,Maharashtra,MBBS,All India,EWS,16736,22366,2
"Government Medical College, Ambernath",Ambernath,Maharashtra,MBBS,All India,General,7231,18713,14
"Government Medical College, Ambernath",Ambernath,Maharashtra,MBBS,All India,OBC,15794,19398,8
"Government Medical College, Ambernath",Ambernath,Maharashtra,MBBS,All India,SC,78284,99366,4
"Government Medical College, Ambernath",Ambernath,Maharashtra,MBBS,All India,ST,113752,120581,2
"Government Medical College, Amravati",Amravati,Maharashtra,MBBS,All India,EWS,17755,21891,2
"Government Medical College, Amravati",Amravati,Maharashtra,MBBS,All India,General,13459,18927,10
"Government Medical College, Amravati",Amravati,Maharashtra,MBBS,All India,OBC,15697,19344,6
"Government Medical College, Amravati",Amravati,Maharashtra,MBBS,All India,SC,60746,98905,6
"Government Medical College, Amravati",Amravati,Maharashtra,MBBS,All India,ST,98885,115168,4
"Government Medical College, Amritsar",Amritsar,Punjab,MBBS,All India,EWS,7573,12861,8
"Government Medical College, Amritsar",Amritsar,Punjab,MBBS,All India,General,3836,7995,29
"Government Medical College, Amritsar",Amritsar,Punjab,MBBS,All India,OBC,6744,10709,20
"Government Medical College, Amritsar",Amritsar,Punjab,MBBS,All India,SC,20344,40440,9
"Government Medical College, Amritsar",Amritsar,Punjab,MBBS,All India,ST,75702,83720,6
"Government Medical College, Ananthapuram",Ananthapuram,Andhra Pradesh,MBBS,All India,EWS,18392,25848,8
"Government Medical College, Ananthapuram",Ananthapuram,Andhra Pradesh,MBBS,All India,General,10326,21181,20
"Government Medical College, Ananthapuram",Ananthapuram,Andhra Pradesh,MBBS,All India,OBC,15492,21607,14
"Government Medical College, Ananthapuram",Ananthapuram,Andhra Pradesh,MBBS,All India,SC,54467,103844,8
"Government Medical College, Ananthapuram",Ananthapuram,Andhra Pradesh,MBBS,All India,ST,31073,98810,5
"Government Medical College, Anantnag",Anantnag,Jammu and Kashmir,MBBS,All India,EWS,14832,23303,4
"Government Medical College, Anantnag",Anantnag,Jammu and Kashmir,MBBS,All India,General,8537,20199,18
"Government Medical College, Anantnag",Anantnag,Jammu and Kashmir,MBBS,All India,OBC,15619,20958,12
"Government Medical College, Anantnag",Anantnag,Jammu and Kashmir,MBBS,All India,SC,77128,92616,6
"Government Medical College, Anantnag",Anantnag,Jammu and Kashmir,MBBS,All India,ST,59717,77590,4
"Government Medical College, Ariyalur",Ariyalur,Tamil Nadu,MBBS,All India,EWS,26206,29640,4
"Government Medical College, Ariyalur",Ariyalur,Tamil Nadu,MBBS,All India,General,11260,21551,18
"Government Medical College, Ariyalur",Ariyalur,Tamil Nadu,MBBS,All India,OBC,13915,21689,10
"Government Medical College, Ariyalur",Ariyalur,Tamil Nadu,MBBS,All India,SC,70087,116067,6
"Government Medical College, Ariyalur",Ariyalur,Tamil Nadu,MBBS,All India,ST,126702,126702,2
"Government Medical College, Aurangabad",Aurangabad,Maharashtra,MBBS,All India,EWS,8983,14032,8
"Government Medical College, Aurangabad",Aurangabad,Maharashtra,MBBS,All India,General,3129,9149,22
"Government Medical College, Aurangabad",Aurangabad,Maharashtra,MBBS,All India,OBC,7091,11956,16
"Government Medical College, Aurangabad",Aurangabad,Maharashtra,MBBS,All India,SC,35314,71614,7
"Government Medical College, Aurangabad",Aurangabad,Maharashtra,MBBS,All India,ST,72279,86684,4
"Government Medical College, Badaun, U.P.",U.P.,Uttar Pradesh,MBBS,All India,EWS,11977,16682,4
"Government Medical College, Badaun, U.P.",U.P.,Uttar Pradesh,MBBS,All India,General,9006,14929,12
"Government Medical College, Badaun, U.P.",U.P.,Uttar Pradesh,MBBS,All India,OBC,11973,14996,8
"Government Medical College, Badaun, U.P.",U.P.,Uttar Pradesh,MBBS,All India,SC,61842,81814,4
"Government Medical College, Badaun, U.P.",U.P.,Uttar Pradesh,MBBS,All India,ST,92265,97262,2
"Government Medical College, Banswara",Banswara,Rajasthan,MBBS,All India,EWS,12149,19049,4
"Government Medical College, Banswara",Banswara,Rajasthan,MBBS,All India,General,10696,16043,12
"Government Medical College, Banswara",Banswara,Rajasthan,MBBS,All India,OBC,11932,16274,6
"Government Medical College, Banswara",Banswara,Rajasthan,MBBS,All India,SC,58153,76718,4
"Government Medical College, Banswara",Banswara,Rajasthan,MBBS,All India,ST,80082,85591,2
"Government Medical College, Baramulla",Baramulla,Jammu and Kashmir,MBBS,All India,EWS,18728,25280,6
"Government Medical College, Baramulla",Baramulla,Jammu and Kashmir,MBBS,All India,General,15452,20905,18
"Government Medical College, Baramulla",Baramulla,Jammu and Kashmir,MBBS,All India,OBC,17217,22041,10
"Government Medical College, Baramulla",Baramulla,Jammu and Kashmir,MBBS,All India,SC,76784,98751,6
"Government Medical College, Baramulla",Baramulla,Jammu and Kashmir,MBBS,All India,ST,77590,98792,2
"Government Medical College, Baran",Baran,Rajasthan,MBBS,All India,EWS,13697,17340,2
"Government Medical College, Baran",Baran,Rajasthan,MBBS,All India,General,10756,15935,12
"Government Medical College, Baran",Baran,Rajasthan,MBBS,All India,OBC,12907,16287,8
"Government Medical College, Baran",Baran,Rajasthan,MBBS,All India,SC,52593,77579,4
"Government Medical College, Baran",Baran,Rajasthan,MBBS,All India,ST,61782,86475,2
"Government Medical College, Barmer",Barmer,Rajasthan,MBBS,All India,EWS,10613,13703,4
"Government Medical College, Barmer",Barmer,Rajasthan,MBBS,All India,General,7460,12677,14
"Government Medical College, Barmer",Barmer,Rajasthan,MBBS,All India,OBC,9083,13650,12
"Government Medical College, Barmer",Barmer,Rajasthan,MBBS,All India,SC,54871,69202,6
"Government Medical College, Barmer",Barmer,Rajasthan,MBBS,All India,ST,68557,80082,4
"Government Medical College, Bettiah",Bettiah,Bihar,MBBS,All India,EWS,13373,20034,4
"Government Medical College, Bettiah",Bettiah,Bihar,MBBS,All India,General,9886,16273,12
"Government Medical College, Bettiah",Bettiah,Bihar,MBBS,All India,OBC,12856,17241,10
"Government Medical College, Bettiah",Bettiah,Bihar,MBBS,All India,SC,70906,93613,6
"Government Medical College, Bettiah",Bettiah,Bihar,MBBS,All India,ST,96152,105168,4
"Government Medical College, Bhadradri Kothagudem",Bhadradri Kothagudem,Telangana,MBBS,All India,EWS,24917,28560,4
"Government Medical College, Bhadradri Kothagudem",Bhadradri Kothagudem,Telangana,MBBS,All India,General,20737,24781,16
"Government Medical College, Bhadradri Kothagudem",Bhadradri Kothagudem,Telangana,MBBS,All India,OBC,21782,25256,12
"Government Medical College, Bhadradri Kothagudem",Bhadradri Kothagudem,Telangana,MBBS,All India,SC,101996,116596,6
"Government Medical College, Bhadradri Kothagudem",Bhadradri Kothagudem,Telangana,MBBS,All India,ST,126009,126433,2
"Government Medical College, Bhandara",Bhandara,Maharashtra,MBBS,All India,EWS,21903,21903,2
"Government Medical College, Bhandara",Bhandara,Maharashtra,MBBS,All India,General,16568,21287,12
"Government Medical College, Bhandara",Bhandara,Maharashtra,MBBS,All India,OBC,18713,21648,10
"Government Medical College, Bhandara",Bhandara,Maharashtra,MBBS,All India,SC,89237,102089,4
"Government Medical College, Bhandara",Bhandara,Maharashtra,MBBS,All India,ST,117072,117072,2
"Government Medical College, Bharatpur, Rajasthan",Rajasthan,Rajasthan,MBBS,All India,EWS,8141,12118,4
"Government Medical College, Bharatpur, Rajasthan",Rajasthan,Rajasthan,MBBS,All India,General,4533,10918,17
"Government Medical College, Bharatpur, Rajasthan",Rajasthan,Rajasthan,MBBS,All India,OBC,8059,11563,12
"Government Medical College, Bharatpur, Rajasthan",Rajasthan,Rajasthan,MBBS,All India,SC,52458,58460,4
"Government Medical College, Bharatpur, Rajasthan",Rajasthan,Rajasthan,MBBS,All India,ST,45737,66114,2
"Government Medical College, Bhavnagar",Bhavnagar,Gujarat,MBBS,All India,EWS,9297,11196,6
"Government Medical College, Bhavnagar",Bhavnagar,Gujarat,MBBS,All India,General,5536,9027,22
"Government Medical College, Bhavnagar",Bhavnagar,Gujarat,MBBS,All India,OBC,7548,9538,16
"Government Medical College, Bhavnagar",Bhavnagar,Gujarat,MBBS,All India,SC,41832,64233,8
"Government Medical College, Bhavnagar",Bhavnagar,Gujarat,MBBS,All India,ST,67369,75352,6
"Government Medical College, Bhilwara, Rajasthan",Rajasthan,Rajasthan,MBBS,All India,EWS,7983,12712,6
"Government Medical College, Bhilwara, Rajasthan",Rajasthan,Rajasthan,MBBS,All India,General,6072,9898,14
"Government Medical College, Bhilwara, Rajasthan",Rajasthan,Rajasthan,MBBS,All India,OBC,7557,10346,10
"Government Medical College, Bhilwara, Rajasthan",Rajasthan,Rajasthan,MBBS,All India,SC,45206,65685,8
"Government Medical College, Bhilwara, Rajasthan",Rajasthan,Rajasthan,MBBS,All India,ST,60773,65939,4
"Government Medical College, Buldhana",Buldhana,Maharashtra,MBBS,All India,EWS,21652,23706,2
"Government Medical College, Buldhana",Buldhana,Maharashtra,MBBS,All India,General,14175,20173,12
"Government Medical College, Buldhana",Buldhana,Maharashtra,MBBS,All India,OBC,18489,21207,8
"Government Medical College, Buldhana",Buldhana,Maharashtra,MBBS,All India,SC,83080,108300,4
"Government Medical College, Buldhana",Buldhana,Maharashtra,MBBS,All India,ST,117206,117206,2
"Government Medical College, Bundi",Bundi,Rajasthan,MBBS,All India,EWS,13565,15745,2
"Government Medical College, Bundi",Bundi,Rajasthan,MBBS,All India,General,8167,14428,14
"Government Medical College, Bundi",Bundi,Rajasthan,MBBS,All India,OBC,10691,15598,8
"Government Medical College, Bundi",Bundi,Rajasthan,MBBS,All India,SC,51151,70844,4
"Government Medical College, Bundi",Bundi,Rajasthan,MBBS,All India,ST,70746,79028,2
"Government Medical College, Chandigarh",Chandigarh,Chandigarh,MBBS,All India,EWS,1293,2070,7
"Government Medical College, Chandigarh",Chandigarh,Chandigarh,MBBS,All India,General,70,1099,20
"Government Medical College, Chandigarh",Chandigarh,Chandigarh,MBBS,All India,OBC,1589,2476,15
"Government Medical College, Chandigarh",Chandigarh,Chandigarh,MBBS,All India,SC,6772,16574,5
"Government Medical College, Chandigarh",Chandigarh,Chandigarh,MBBS,All India,ST,19083,37371,5
"Government Medical College, Chandrapur",Chandrapur,Maharashtra,MBBS,All India,EWS,19045,21896,4
"Government Medical College, Chandrapur",Chandrapur,Maharashtra,MBBS,All India,General,8176,17969,16
"Government Medical College, Chandrapur",Chandrapur,Maharashtra,MBBS,All India,OBC,15438,18195,10
"Government Medical College, Chandrapur",Chandrapur,Maharashtra,MBBS,All India,SC,65042,96958,5
"Government Medical College, Chandrapur",Chandrapur,Maharashtra,MBBS,All India,ST,108876,109487,4
"Government Medical College, Chhindwara, MP",MP,Madhya Pradesh,MBBS,All India,EWS,14845,18146,2
"Government Medical College, Chhindwara, MP",MP,Madhya Pradesh,MBBS,All India,General,8300,16362,20
"Government Medical College, Chhindwara, MP",MP,Madhya Pradesh,MBBS,All India,OBC,14412,16948,12
"Government Medical College, Chhindwara, MP",MP,Madhya Pradesh,MBBS,All India,SC,75230,86153,4
"Government Medical College, Chhindwara, MP",MP,Madhya Pradesh,MBBS,All India,ST,98660,99826,4
"Government Medical College, Chittorgarh",Chittorgarh,Rajasthan,MBBS,All India,EWS,11733,13692,4
"Government Medical College, Chittorgarh",Chittorgarh,Rajasthan,MBBS,All India,General,7961,11627,10
"Government Medical College, Chittorgarh",Chittorgarh,Rajasthan,MBBS,All India,OBC,8702,12630,8
"Government Medical College, Chittorgarh",Chittorgarh,Rajasthan,MBBS,All India,SC,27490,72878,4
"Government Medical College, Chittorgarh",Chittorgarh,Rajasthan,MBBS,All India,ST,72452,72452,2
"Government Medical College, Churachandpur",Churachandpur,Manipur,MBBS,All India,EWS,24846,27179,2
"Government Medical College, Churachandpur",Churachandpur,Manipur,MBBS,All India,General,15965,25120,12
"Government Medical College, Churachandpur",Churachandpur,Manipur,MBBS,All India,OBC,20757,25619,8
"Government Medical College, Churachandpur",Churachandpur,Manipur,MBBS,All India,SC,97368,107512,2
"Government Medical College, Churu",Churu,Rajasthan,MBBS,All India,EWS,10155,13141,4
"Government Medical College, Churu",Churu,Rajasthan,MBBS,All India,General,5407,11450,18
"Government Medical College, Churu",Churu,Rajasthan,MBBS,All India,OBC,8269,12103,12
"Government Medical College, Churu",Churu,Rajasthan,MBBS,All India,SC,52629,71690,7
"Government Medical College, Churu",Churu,Rajasthan,MBBS,All India,ST,65499,69159,4
"Government Medical College, Datia, MP",MP,Madhya Pradesh,MBBS,All India,EWS,13463,16415,4
"Government Medical College, Datia, MP",MP,Madhya Pradesh,MBBS,All India,General,12175,15816,12
"Government Medical College, Datia, MP",MP,Madhya Pradesh,MBBS,All India,OBC,13279,16569,8
"Government Medical College, Datia, MP",MP,Madhya Pradesh,MBBS,All India,SC,60996,84957,6
"Government Medical College, Datia, MP",MP,Madhya Pradesh,MBBS,All India,ST,82903,94576,2
"Government Medical College, Dausa",Dausa,Rajasthan,MBBS,All India,EWS,11628,12758,2
"Government Medical College, Dausa",Dausa,Rajasthan,MBBS,All India,General,8720,12724,13
"Government Medical College, Dausa",Dausa,Rajasthan,MBBS,All India,OBC,10448,13577,6
"Government Medical College, Dausa",Dausa,Rajasthan,MBBS,All India,SC,52185,71363,4
"Government Medical College, Dausa",Dausa,Rajasthan,MBBS,All India,ST,53320,70114,2
"Government Medical College, Dholpur",Dholpur,Rajasthan,MBBS,All India,EWS,12074,17090,4
"Government Medical College, Dholpur",Dholpur,Rajasthan,MBBS,All India,General,10135,15025,10
"Government Medical College, Dholpur",Dholpur,Rajasthan,MBBS,All India,OBC,11817,15527,8
"Government Medical College, Dholpur",Dholpur,Rajasthan,MBBS,All India,SC,56794,77125,4
"Government Medical College, Dholpur",Dholpur,Rajasthan,MBBS,All India,ST,79688,80066,2
"Government Medical College, Dindigul",Dindigul,Tamil Nadu,MBBS,All India,EWS,24967,28579,4
"Government Medical College, Dindigul",Dindigul,Tamil Nadu,MBBS,All India,General,6132,19032,16
"Government Medical College, Dindigul",Dindigul,Tamil Nadu,MBBS,All India,OBC,12092,20696,12
"Government Medical College, Dindigul",Dindigul,Tamil Nadu,MBBS,All India,SC,46483,118278,8
"Government Medical College, Dindigul",Dindigul,Tamil Nadu,MBBS,All India,ST,128120,129661,4
"Government Medical College, Dungarpur",Dungarpur,Rajasthan,MBBS,All India,EWS,11154,15060,2
"Government Medical College, Dungarpur",Dungarpur,Rajasthan,MBBS,All India,General,8730,13479,18
"Government Medical College, Dungarpur",Dungarpur,Rajasthan,MBBS,All India,OBC,10721,14151,12
"Government Medical College, Dungarpur",Dungarpur,Rajasthan,MBBS,All India,SC,54327,71065,4
"Government Medical College, Dungarpur",Dungarpur,Rajasthan,MBBS,All India,ST,76008,79688,2
"Government Medical College, Eluru",Eluru,Andhra Pradesh,MBBS,All India,EWS,23731,26776,2
"Government Medical College, Eluru",Eluru,Andhra Pradesh,MBBS,All India,General,12108,24092,18
"Government Medical College, Eluru",Eluru,Andhra Pradesh,MBBS,All India,OBC,20167,25034,12
"Government Medical College, Eluru",Eluru,Andhra Pradesh,MBBS,All India,SC,60260,110567,4
"Government Medical College, Ernakulam",Ernakulam,Kerala,MBBS,All India,EWS,15708,23921,4
"Government Medical College, Ernakulam",Ernakulam,Kerala,MBBS,All India,General,3523,12127,12
"Government Medical College, Ernakulam",Ernakulam,Kerala,MBBS,All India,OBC,5004,13423,8
"Government Medical College, Ernakulam",Ernakulam,Kerala,MBBS,All India,SC,53484,97368,6
"Government Medical College, Ernakulam",Ernakulam,Kerala,MBBS,All India,ST,80017,104514,2
"Government Medical College, Faizabad",Faizabad,Uttar Pradesh,MBBS,All India,EWS,13429,13429,2
"Government Medical College, Faizabad",Faizabad,Uttar Pradesh,MBBS,All India,General,7966,13297,12
"Government Medical College, Faizabad",Faizabad,Uttar Pradesh,MBBS,All India,OBC,10736,14039,8
"Government Medical College, Faizabad",Faizabad,Uttar Pradesh,MBBS,All India,SC,62928,82428,4
"Government Medical College, Faizabad",Faizabad,Uttar Pradesh,MBBS,All India,ST,76589,76589,2
"Government Medical College, Firozabad",Firozabad,Uttar Pradesh,MBBS,All India,EWS,13352,13832,2
"Government Medical College, Firozabad",Firozabad,Uttar Pradesh,MBBS,All India,General,9148,13775,12
"Government Medical College, Firozabad",Firozabad,Uttar Pradesh,MBBS,All India,OBC,11665,14839,8
"Government Medical College, Firozabad",Firozabad,Uttar Pradesh,MBBS,All India,SC,48846,76830,6
"Government Medical College, Firozabad",Firozabad,Uttar Pradesh,MBBS,All India,ST,66841,93248,2
"Government Medical College, Gadchiroli",Gadchiroli,Maharashtra,MBBS,All India,EWS,21920,25025,4
"Government Medical College, Gadchiroli",Gadchiroli,Maharashtra,MBBS,All India,General,17676,21754,12
"Government Medical College, Gadchiroli",Gadchiroli,Maharashtra,MBBS,All India,OBC,19375,22079,8
"Government Medical College, Gadchiroli",Gadchiroli,Maharashtra,MBBS,All India,SC,94522,108595,4
"Government Medical College, Gadchiroli",Gadchiroli,Maharashtra,MBBS,All India,ST,123137,123137,2
"Government Medical College, Gondia",Gondia,Maharashtra,MBBS,All India,EWS,19527,21569,4
"Government Medical College, Gondia",Gondia,Maharashtra,MBBS,All India,General,14977,19080,12
"Government Medical College, Gondia",Gondia,Maharashtra,MBBS,All India,OBC,16656,19561,12
"Government Medical College, Gondia",Gondia,Maharashtra,MBBS,All India,SC,81351,101509,8
"Government Medical College, Gondia",Gondia,Maharashtra,MBBS,All India,ST,109837,112876,4
"Government Medical College, Hanumangarh",Hanumangarh,Rajasthan,MBBS,All India,EWS,10787,18147,4
"Government Medical College, Hanumangarh",Hanumangarh,Rajasthan,MBBS,All India,General,9191,14504,10
"Government Medical College, Hanumangarh",Hanumangarh,Rajasthan,MBBS,All India,OBC,10746,14909,8
"Government Medical College, Hanumangarh",Hanumangarh,Rajasthan,MBBS,All India,SC,61200,78489,6
"Government Medical College, Hanumangarh",Hanumangarh,Rajasthan,MBBS,All India,ST,80066,85049,2
"Government Medical College, Haridwar",Haridwar,Uttarakhand,MBBS,All India,EWS,10295,13662,4
"Government Medical College, Haridwar",Haridwar,Uttarakhand,MBBS,All India,General,4086,11317,10
"Government Medical College, Haridwar",Haridwar,Uttarakhand,MBBS,All India,OBC,9146,14560,8
"Government Medical College, Haridwar",Haridwar,Uttarakhand,MBBS,All India,SC,54578,60707,4
"Government Medical College, Haridwar",Haridwar,Uttarakhand,MBBS,All India,ST,64880,87720,2
"Government Medical College, Hingoli",Hingoli,Maharashtra,MBBS,All India,EWS,22890,24364,2
"Government Medical College, Hingoli",Hingoli,Maharashtra,MBBS,All India,General,17282,22109,16
"Government Medical College, Hingoli",Hingoli,Maharashtra,MBBS,All India,OBC,19484,22510,6
"Government Medical College, Hingoli",Hingoli,Maharashtra,MBBS,All India,SC,97078,108984,4
"Government Medical College, Hingoli",Hingoli,Maharashtra,MBBS,All India,ST,123878,123878,2
"Government Medical College, Idukki",Idukki,Kerala,MBBS,All India,EWS,22614,26799,2
"Government Medical College, Idukki",Idukki,Kerala,MBBS,All India,General,5924,15293,12
"Government Medical College, Idukki",Idukki,Kerala,MBBS,All India,OBC,7361,15556,8
"Government Medical College, Idukki",Idukki,Kerala,MBBS,All India,SC,72359,110759,4
"Government Medical College, Idukki",Idukki,Kerala,MBBS,All India,ST,106133,109898,2
"Government Medical College, Jagtial",Jagtial,Telangana,MBBS,All India,EWS,25651,28457,4
"Government Medical College, Jagtial",Jagtial,Telangana,MBBS,All India,General,21147,24780,16
"Government Medical College, Jagtial",Jagtial,Telangana,MBBS,All India,OBC,21911,25127,10
"Government Medical College, Jagtial",Jagtial,Telangana,MBBS,All India,SC,97064,119349,6
"Government Medical College, Jagtial",Jagtial,Telangana,MBBS,All India,ST,100165,126009,3
"Government Medical College, Jaisalmer",Jaisalmer,Rajasthan,MBBS,All India,General,9284,14876,4
"Government Medical College, Jaisalmer",Jaisalmer,Rajasthan,MBBS,All India,OBC,11399,15858,4
"Government Medical College, Jaisalmer",Jaisalmer,Rajasthan,MBBS,All India,SC,59311,78012,2
"Government Medical College, Jaisalmer",Jaisalmer,Rajasthan,MBBS,All India,ST,81034,89016,2
"Government Medical College, Jalgaon",Jalgaon,Maharashtra,MBBS,All India,EWS,17520,19153,4
"Government Medical College, Jalgaon",Jalgaon,Maharashtra,MBBS,All India,General,9898,17253,20
"Government Medical College, Jalgaon",Jalgaon,Maharashtra,MBBS,All India,OBC,15651,17526,10
"Government Medical College, Jalgaon",Jalgaon,Maharashtra,MBBS,All India,SC,61434,92774,6
"Government Medical College, Jalgaon",Jalgaon,Maharashtra,MBBS,All India,ST,110253,111525,2
"Government Medical College, Jalna",Jalna,Maharashtra,MBBS,All India,EWS,19630,24277,4
"Government Medical College, Jalna",Jalna,Maharashtra,MBBS,All India,General,14759,20115,8
"Government Medical College, Jalna",Jalna,Maharashtra,MBBS,All India,OBC,19473,22520,10
"Government Medical College, Jalna",Jalna,Maharashtra,MBBS,All India,SC,77883,108918,4
"Government Medical College, Jalna",Jalna,Maharashtra,MBBS,All India,ST,118993,121540,2
"Government Medical College, Jammu",Jammu,Jammu and Kashmir,MBBS,All India,EWS,10249,13085,6
"Government Medical College, Jammu",Jammu,Jammu and Kashmir,MBBS,All India,General,4781,9708,26
"Government Medical College, Jammu",Jammu,Jammu and Kashmir,MBBS,All India,OBC,8275,10581,18
"Government Medical College, Jammu",Jammu,Jammu and Kashmir,MBBS,All India,SC,29959,49122,12
"Government Medical College, Jammu",Jammu,Jammu and Kashmir,MBBS,All India,ST,42118,45737,6
"Government Medical College, Jayashankar Bhupalpally",Jayashankar Bhupalpally,Telangana,MBBS,All India,EWS,26512,29130,4
"Government Medical College, Jayashankar Bhupalpally",Jayashankar Bhupalpally,Telangana,MBBS,All India,General,20599,25009,12
"Government Medical College, Jayashankar Bhupalpally",Jayashankar Bhupalpally,Telangana,MBBS,All India,OBC,22735,25520,8
"Government Medical College, Jayashankar Bhupalpally",Jayashankar Bhupalpally,Telangana,MBBS,All India,SC,101890,119892,4
"Government Medical College, Jayashankar Bhupalpally",Jayashankar Bhupalpally,Telangana,MBBS,All India,ST,87418,127127,2
"Government Medical College, Jhunjhunu",Jhunjhunu,Rajasthan,MBBS,All India,EWS,12776,16186,4
"Government Medical College, Jhunjhunu",Jhunjhunu,Rajasthan,MBBS,All India,General,9182,12687,12
"Government Medical College, Jhunjhunu",Jhunjhunu,Rajasthan,MBBS,All India,OBC,11077,13324,6
"Government Medical College, Jhunjhunu",Jhunjhunu,Rajasthan,MBBS,All India,SC,46576,75284,4
"Government Medical College, Jhunjhunu",Jhunjhunu,Rajasthan,MBBS,All India,ST,46624,77891,2
"Government Medical College, Jogulumba Gadwal",Jogulumba Gadwal,Telangana,MBBS,All India,General,19134,23080,4
"Government Medical College, Jogulumba Gadwal",Jogulumba Gadwal,Telangana,MBBS,All India,OBC,20503,24051,4
"Government Medical College, Jogulumba Gadwal",Jogulumba Gadwal,Telangana,MBBS,All India,SC,102089,118628,4
"Government Medical College, Kadapa ( previously Rajiv Gandhi Institute of Medical Sciences, Kadapa)",Kadapa),Andhra Pradesh,MBBS,All India,EWS,20004,25884,8
"Government Medical College, Kadapa ( previously Rajiv Gandhi Institute of Medical Sciences, Kadapa)",Kadapa),Andhra Pradesh,MBBS,All India,General,11164,21940,28
"Government Medical College, Kadapa ( previously Rajiv Gandhi Institute of Medical Sciences, Kadapa)",Kadapa),Andhra Pradesh,MBBS,All India,OBC,17068,22666,18
"Government Medical College, Kadapa ( previously Rajiv Gandhi Institute of Medical Sciences, Kadapa)",Kadapa),Andhra Pradesh,MBBS,All India,SC,31829,106694,10
"Government Medical College, Kadapa ( previously Rajiv Gandhi Institute of Medical Sciences, Kadapa)",Kadapa),Andhra Pradesh,MBBS,All India,ST,96115,121454,6
"Government Medical College, Kallakurichi",Kallakurichi,Tamil Nadu,MBBS,All India,EWS,26488,29415,2
"Government Medical College, Kallakurichi",Kallakurichi,Tamil Nadu,MBBS,All India,General,11880,22037,16
"Government Medical College, Kallakurichi",Kallakurichi,Tamil Nadu,MBBS,All India,OBC,14294,22779,12
"Government Medical College, Kallakurichi",Kallakurichi,Tamil Nadu,MBBS,All India,SC,54870,120850,6
"Government Medical College, Kallakurichi",Kallakurichi,Tamil Nadu,MBBS,All India,ST,129735,132111,4
"Government Medical College, Kamareddy",Kamareddy,Telangana,MBBS,All India,EWS,26646,26646,2
"Government Medical College, Kamareddy",Kamareddy,Telangana,MBBS,All India,General,19107,25007,14
"Government Medical College, Kamareddy",Kamareddy,Telangana,MBBS,All India,OBC,22186,25412,8
"Government Medical College, Kamareddy",Kamareddy,Telangana,MBBS,All India,SC,91203,91203,2
"Government Medical College, Kamareddy",Kamareddy,Telangana,MBBS,All India,ST,122713,122713,2
"Government Medical College, Karauli",Karauli,Rajasthan,MBBS,All India,EWS,13447,18500,2
"Government Medical College, Karauli",Karauli,Rajasthan,MBBS,All India,General,10083,15698,14
"Government Medical College, Karauli",Karauli,Rajasthan,MBBS,All India,OBC,12521,15955,8
"Government Medical College, Karauli",Karauli,Rajasthan,MBBS,All India,SC,61688,79044,4
"Government Medical College, Karauli",Karauli,Rajasthan,MBBS,All India,ST,78891,78891,2
"Government Medical College, Karimnagar",Karimnagar,Telangana,MBBS,All India,EWS,23018,23018,1
"Government Medical College, Karimnagar",Karimnagar,Telangana,MBBS,All India,General,17069,24377,10
"Government Medical College, Karimnagar",Karimnagar,Telangana,MBBS,All India,OBC,19211,24676,8
"Government Medical College, Karimnagar",Karimnagar,Telangana,MBBS,All India,SC,90440,118430,6
"Government Medical College, Karimnagar",Karimnagar,Telangana,MBBS,All India,ST,103045,121369,4
"Government Medical College, Karur",Karur,Tamil Nadu,MBBS,All India,EWS,25384,29662,4
"Government Medical College, Karur",Karur,Tamil Nadu,MBBS,All India,General,8527,19286,20
"Government Medical College, Karur",Karur,Tamil Nadu,MBBS,All India,OBC,11645,19475,10
"Government Medical College, Karur",Karur,Tamil Nadu,MBBS,All India,SC,52923,116324,8
"Government Medical College, Karur",Karur,Tamil Nadu,MBBS,All India,ST,126817,128092,2
"Government Medical College, Kathua",Kathua,Jammu and Kashmir,MBBS,All India,EWS,15039,19686,4
"Government Medical College, Kathua",Kathua,Jammu and Kashmir,MBBS,All India,General,10616,14639,16
"Government Medical College, Kathua",Kathua,Jammu and Kashmir,MBBS,All India,OBC,13317,15369,12
"Government Medical College, Kathua",Kathua,Jammu and Kashmir,MBBS,All India,SC,48944,72071,6
"Government Medical College, Kathua",Kathua,Jammu and Kashmir,MBBS,All India,ST,76295,107058,4
"Government Medical College, Khandwa, MP",MP,Madhya Pradesh,MBBS,All India,EWS,15454,17376,2
"Government Medical College, Khandwa, MP",MP,Madhya Pradesh,MBBS,All India,General,11563,15532,14
"Government Medical College, Khandwa, MP",MP,Madhya Pradesh,MBBS,All India,OBC,13386,16523,10
"Government Medical College, Khandwa, MP",MP,Madhya Pradesh,MBBS,All India,SC,68427,85834,6
"Government Medical College, Khandwa, MP",MP,Madhya Pradesh,MBBS,All India,ST,82903,98792,4
"Government Medical College, Konni",Konni,Kerala,MBBS,All India,EWS,22323,25607,2
"Government Medical College, Konni",Konni,Kerala,MBBS,All India,General,6211,14596,14
"Government Medical College, Konni",Konni,Kerala,MBBS,All India,OBC,8070,14902,8
"Government Medical College, Konni",Konni,Kerala,MBBS,All India,SC,68032,110424,2
"Government Medical College, Korba",Korba,Chhattisgarh,MBBS,All India,EWS,19726,25134,6
"Government Medical College, Korba",Korba,Chhattisgarh,MBBS,All India,General,17649,22426,10
"Government Medical College, Korba",Korba,Chhattisgarh,MBBS,All India,OBC,19011,23242,8
"Government Medical College, Korba",Korba,Chhattisgarh,MBBS,All India,SC,92095,107500,6
"Government Medical College, Korba",Korba,Chhattisgarh,MBBS,All India,ST,114231,114231,2
"Government Medical College, Kota",Kota,Rajasthan,MBBS,All India,EWS,5644,9992,8
"Government Medical College, Kota",Kota,Rajasthan,MBBS,All India,General,2589,7143,24
"Government Medical College, Kota",Kota,Rajasthan,MBBS,All India,OBC,5031,7728,20
"Government Medical College, Kota",Kota,Rajasthan,MBBS,All India,SC,27157,53578,11
"Government Medical College, Kota",Kota,Rajasthan,MBBS,All India,ST,28841,40716,5
"Government Medical College, Kottayam",Kottayam,Kerala,MBBS,All India,EWS,10495,16791,4
"Government Medical College, Kottayam",Kottayam,Kerala,MBBS,All India,General,2146,8759,19
"Government Medical College, Kottayam",Kottayam,Kerala,MBBS,All India,OBC,3079,9456,14
"Government Medical College, Kottayam",Kottayam,Kerala,MBBS,All India,SC,37230,72359,7
"Government Medical College, Kottayam",Kottayam,Kerala,MBBS,All India,ST,57695,95821,4
"Government Medical College, Kozhikode, Calicut",Calicut,Kerala,MBBS,All India,EWS,3630,10877,7
"Government Medical College, Kozhikode, Calicut",Calicut,Kerala,MBBS,All India,General,234,2234,16
"Government Medical College, Kozhikode, Calicut",Calicut,Kerala,MBBS,All India,OBC,1320,1594,10
"Government Medical College, Kozhikode, Calicut",Calicut,Kerala,MBBS,All India,SC,17686,60256,8
"Government Medical College, Kozhikode, Calicut",Calicut,Kerala,MBBS,All India,ST,21815,37140,4
"Government Medical College, Krishnagiri",Krishnagiri,Tamil Nadu,MBBS,All India,EWS,25393,29720,6
"Government Medical College, Krishnagiri",Krishnagiri,Tamil Nadu,MBBS,All India,General,10158,20202,16
"Government Medical College, Krishnagiri",Krishnagiri,Tamil Nadu,MBBS,All India,OBC,13529,21468,12
"Government Medical College, Krishnagiri",Krishnagiri,Tamil Nadu,MBBS,All India,SC,55993,118595,6
"Government Medical College, Krishnagiri",Krishnagiri,Tamil Nadu,MBBS,All India,ST,117058,126548,4
"Government Medical College, Latur",Latur,Rajasthan,MBBS,All India,EWS,15084,18334,4
"Government Medical College, Latur",Latur,Rajasthan,MBBS,All India,General,9885,16771,18
"Government Medical College, Latur",Latur,Rajasthan,MBBS,All India,OBC,14454,18007,12
"Government Medical College, Latur",Latur,Rajasthan,MBBS,All India,SC,65685,94586,6
"Government Medical College, Latur",Latur,Rajasthan,MBBS,All India,ST,103836,109268,2
"Government Medical College, Machilipatnam",Machilipatnam,Andhra Pradesh,MBBS,All India,EWS,25892,27734,4
"Government Medical College, Machilipatnam",Machilipatnam,Andhra Pradesh,MBBS,All India,General,20020,24468,15
"Government Medical College, Machilipatnam",Machilipatnam,Andhra Pradesh,MBBS,All India,OBC,20839,25163,12
"Government Medical College, Machilipatnam",Machilipatnam,Andhra Pradesh,MBBS,All India,SC,78440,113228,6
"Government Medical College, Machilipatnam",Machilipatnam,Andhra Pradesh,MBBS,All India,ST,108388,126955,4
"Government Medical College, Mahabubabad",Mahabubabad,Telangana,MBBS,All India,EWS,24846,27202,4
"Government Medical College, Mahabubabad",Mahabubabad,Telangana,MBBS,All India,General,18721,24323,16
"Government Medical College, Mahabubabad",Mahabubabad,Telangana,MBBS,All India,OBC,21132,24739,10
"Government Medical College, Mahabubabad",Mahabubabad,Telangana,MBBS,All India,SC,95917,110047,6
"Government Medical College, Mahabubabad",Mahabubabad,Telangana,MBBS,All India,ST,123033,125979,4
"Government Medical College, Mahabubnagar",Mahabubnagar,Telangana,MBBS,All India,EWS,18846,23054,5
"Government Medical College, Mahabubnagar",Mahabubnagar,Telangana,MBBS,All India,General,14817,22657,24
"Government Medical College, Mahabubnagar",Mahabubnagar,Telangana,MBBS,All India,OBC,18256,23061,16
"Government Medical College, Mahabubnagar",Mahabubnagar,Telangana,MBBS,All India,SC,73371,104911,8
"Government Medical College, Mahabubnagar",Mahabubnagar,Telangana,MBBS,All India,ST,75013,91710,3
"Government Medical College, Mahasamund",Mahasamund,Chhattisgarh,MBBS,All India,EWS,20131,25454,2
"Government Medical College, Mahasamund",Mahasamund,Chhattisgarh,MBBS,All India,General,14889,22859,20
"Government Medical College, Mahasamund",Mahasamund,Chhattisgarh,MBBS,All India,OBC,19476,23932,8
"Government Medical College, Mahasamund",Mahasamund,Chhattisgarh,MBBS,All India,SC,95341,111632,4
"Government Medical College, Mahasamund",Mahasamund,Chhattisgarh,MBBS,All India,ST,120726,120726,2
"Government Medical College, Maheshwaram",Maheshwaram,Telangana,MBBS,All India,EWS,25283,27543,2
"Government Medical College, Maheshwaram",Maheshwaram,Telangana,MBBS,All India,General,19001,24284,6
"Government Medical College, Maheshwaram",Maheshwaram,Telangana,MBBS,All India,OBC,21371,24750,4
"Government Medical College, Maheshwaram",Maheshwaram,Telangana,MBBS,All India,SC,98101,98101,2
"Government Medical College, Mancherial",Mancherial,Telangana,MBBS,All India,EWS,24287,27645,2
"Government Medical College, Mancherial",Mancherial,Telangana,MBBS,All India,General,9836,24880,10
"Government Medical College, Mancherial",Mancherial,Telangana,MBBS,All India,OBC,21725,25300,8
"Government Medical College, Mancherial",Mancherial,Telangana,MBBS,All India,SC,66009,119239,4
"Government Medical College, Mancherial",Mancherial,Telangana,MBBS,All India,ST,117653,126608,4
"Government Medical College, Manjeri, Malapuram Dist.",Malapuram Dist.,Kerala,MBBS,All India,EWS,15145,23217,4
"Government Medical College, Manjeri, Malapuram Dist.",Malapuram Dist.,Kerala,MBBS,All India,General,3898,11310,14
"Government Medical College, Manjeri, Malapuram Dist.",Malapuram Dist.,Kerala,MBBS,All India,OBC,5130,12945,8
"Government Medical College, Manjeri, Malapuram Dist.",Malapuram Dist.,Kerala,MBBS,All India,SC,57388,108010,4
"Government Medical College, Manjeri, Malapuram Dist.",Malapuram Dist.,Kerala,MBBS,All India,ST,74362,101058,2
"Government Medical College, Miraj",Miraj,Maharashtra,MBBS,All India,EWS,14130,16922,5
"Government Medical College, Miraj",Miraj,Maharashtra,MBBS,All India,General,4009,14831,24
"Government Medical College, Miraj",Miraj,Maharashtra,MBBS,All India,OBC,11488,15687,14
"Government Medical College, Miraj",Miraj,Maharashtra,MBBS,All India,SC,59935,87866,8
"Government Medical College, Miraj",Miraj,Maharashtra,MBBS,All India,ST,75937,96340,4
"Government Medical College, Morbi",Morbi,Gujarat,MBBS,All India,EWS,19367,24942,4
"Government Medical College, Morbi",Morbi,Gujarat,MBBS,All India,General,13765,20817,12
"Government Medical College, Morbi",Morbi,Gujarat,MBBS,All India,OBC,17084,23639,8
"Government Medical College, Morbi",Morbi,Gujarat,MBBS,All India,SC,61969,94877,4
"Government Medical College, Morbi",Morbi,Gujarat,MBBS,All India,ST,85591,114289,2
"Government Medical College, Mulugu",Mulugu,Telangana,MBBS,All India,EWS,26213,26213,2
"Government Medical College, Mulugu",Mulugu,Telangana,MBBS,All India,General,20265,25062,6
"Government Medical College, Mulugu",Mulugu,Telangana,MBBS,All India,OBC,22007,25477,2
"Government Medical College, Mulugu",Mulugu,Telangana,MBBS,All India,SC,102880,120255,2
"Government Medical College, Nagapattinam",Nagapattinam,Tamil Nadu,MBBS,All India,EWS,27171,29407,4
"Government Medical College, Nagapattinam",Nagapattinam,Tamil Nadu,MBBS,All India,General,12784,22126,16
"Government Medical College, Nagapattinam",Nagapattinam,Tamil Nadu,MBBS,All India,OBC,14779,23000,12
"Government Medical College, Nagapattinam",Nagapattinam,Tamil Nadu,MBBS,All India,SC,60300,119078,4
"Government Medical College, Nagapattinam",Nagapattinam,Tamil Nadu,MBBS,All India,ST,129746,131813,4
"Government Medical College, Nagarkurnool",Nagarkurnool,Telangana,MBBS,All India,EWS,19896,27950,4
"Government Medical College, Nagarkurnool",Nagarkurnool,Telangana,MBBS,All India,General,10153,23772,18
"Government Medical College, Nagarkurnool",Nagarkurnool,Telangana,MBBS,All India,OBC,20318,24888,12
"Government Medical College, Nagarkurnool",Nagarkurnool,Telangana,MBBS,All India,SC,85921,111631,6
"Government Medical College, Nagarkurnool",Nagarkurnool,Telangana,MBBS,All India,ST,111343,118981,4
"Government Medical College, Nagaur",Nagaur,Rajasthan,MBBS,All India,EWS,11049,18404,4
"Government Medical College, Nagaur",Nagaur,Rajasthan,MBBS,All India,General,4969,14131,12
"Government Medical College, Nagaur",Nagaur,Rajasthan,MBBS,All India,OBC,8293,14922,6
"Government Medical College, Nagaur",Nagaur,Rajasthan,MBBS,All India,SC,17746,75637,4
"Government Medical College, Nagaur",Nagaur,Rajasthan,MBBS,All India,ST,76306,76306,2
"Government Medical College, Nagpur",Nagpur,Maharashtra,MBBS,All India,EWS,5953,9429,7
"Government Medical College, Nagpur",Nagpur,Maharashtra,MBBS,All India,General,2394,5603,28
"Government Medical College, Nagpur",Nagpur,Maharashtra,MBBS,All India,OBC,4743,7592,16
"Government Medical College, Nagpur",Nagpur,Maharashtra,MBBS,All India,SC,12692,30736,10
"Government Medical College, Nagpur",Nagpur,Maharashtra,MBBS,All India,ST,44856,60658,6
"Government Medical College, Nahan, Sirmour H.P.",Sirmour H.P.,Himachal Pradesh,MBBS,All India,EWS,10722,13267,4
"Government Medical College, Nahan, Sirmour H.P.",Sirmour H.P.,Himachal Pradesh,MBBS,All India,General,6919,10746,12
"Government Medical College, Nahan, Sirmour H.P.",Sirmour H.P.,Himachal Pradesh,MBBS,All India,OBC,8705,11294,10
"Government Medical College, Nahan, Sirmour H.P.",Sirmour H.P.,Himachal Pradesh,MBBS,All India,SC,42151,65514,6
"Government Medical College, Nahan, Sirmour H.P.",Sirmour H.P.,Himachal Pradesh,MBBS,All India,ST,67896,75430,4
"Government Medical College, Nalgonda",Nalgonda,Telangana,MBBS,All India,EWS,23252,26792,4
"Government Medical College, Nalgonda",Nalgonda,Telangana,MBBS,All India,General,15715,23133,17
"Government Medical College, Nalgonda",Nalgonda,Telangana,MBBS,All India,OBC,20219,23656,12
"Government Medical College, Nalgonda",Nalgonda,Telangana,MBBS,All India,SC,92112,107929,6
"Government Medical College, Nalgonda",Nalgonda,Telangana,MBBS,All India,ST,106416,106416,2
"Government Medical College, Namakkal",Namakkal,Tamil Nadu,MBBS,All India,EWS,25954,29743,4
"Government Medical College, Namakkal",Namakkal,Tamil Nadu,MBBS,All India,General,7740,20815,20
"Government Medical College, Namakkal",Namakkal,Tamil Nadu,MBBS,All India,OBC,12494,21251,10
"Government Medical College, Namakkal",Namakkal,Tamil Nadu,MBBS,All India,SC,38623,118687,6
"Government Medical College, Namakkal",Namakkal,Tamil Nadu,MBBS,All India,ST,129985,129985,2
"Government Medical College, Nandurbar",Nandurbar,Maharashtra,MBBS,All India,EWS,20467,23084,2
"Government Medical College, Nandurbar",Nandurbar,Maharashtra,MBBS,All India,General,15128,19284,14
"Government Medical College, Nandurbar",Nandurbar,Maharashtra,MBBS,All India,OBC,16617,19675,8
"Government Medical College, Nandurbar",Nandurbar,Maharashtra,MBBS,All India,SC,84333,99879,4
"Government Medical College, Nandurbar",Nandurbar,Maharashtra,MBBS,All India,ST,113036,113389,2
"Government Medical College, Nandyal",Nandyal,Andhra Pradesh,MBBS,All India,EWS,22947,29068,4
"Government Medical College, Nandyal",Nandyal,Andhra Pradesh,MBBS,All India,General,14266,24356,18
"Government Medical College, Nandyal",Nandyal,Andhra Pradesh,MBBS,All India,OBC,20683,25095,12
"Government Medical College, Nandyal",Nandyal,Andhra Pradesh,MBBS,All India,SC,68164,106281,8
"Government Medical College, Nandyal",Nandyal,Andhra Pradesh,MBBS,All India,ST,117359,117359,2
"Government Medical College, Narayanpet",Narayanpet,Telangana,MBBS,All India,EWS,25317,28060,2
"Government Medical College, Narayanpet",Narayanpet,Telangana,MBBS,All India,General,18513,23473,4
"Government Medical College, Narayanpet",Narayanpet,Telangana,MBBS,All India,OBC,20972,24219,4
"Government Medical College, Narayanpet",Narayanpet,Telangana,MBBS,All India,SC,89056,115322,2
"Government Medical College, Narayanpet",Narayanpet,Telangana,MBBS,All India,ST,120465,125204,2
"Government Medical College, Narsampet",Narsampet,Telangana,MBBS,All India,EWS,26348,28787,2
"Government Medical College, Narsampet",Narsampet,Telangana,MBBS,All India,General,20169,25124,6
"Government Medical College, Narsampet",Narsampet,Telangana,MBBS,All India,OBC,21701,25199,2
"Government Medical College, Narsampet",Narsampet,Telangana,MBBS,All India,SC,103289,120786,4
"Government Medical College, Nirmal",Nirmal,Telangana,MBBS,All India,EWS,26636,28652,2
"Government Medical College, Nirmal",Nirmal,Telangana,MBBS,All India,General,11853,24107,10
"Government Medical College, Nirmal",Nirmal,Telangana,MBBS,All India,OBC,19190,25445,8
"Government Medical College, Nirmal",Nirmal,Telangana,MBBS,All India,SC,90353,119987,4
"Government Medical College, Nirmal",Nirmal,Telangana,MBBS,All India,ST,114258,126240,4
"Government Medical College, Nizamabad",Nizamabad,Telangana,MBBS,All India,EWS,16350,24016,2
"Government Medical College, Nizamabad",Nizamabad,Telangana,MBBS,All India,General,9583,19641,16
"Government Medical College, Nizamabad",Nizamabad,Telangana,MBBS,All India,OBC,14909,20748,10
"Government Medical College, Nizamabad",Nizamabad,Telangana,MBBS,All India,SC,62538,95917,4
"Government Medical College, Omandurar",Omandurar,Tamil Nadu,MBBS,All India,EWS,14053,24791,2
"Government Medical College, Omandurar",Omandurar,Tamil Nadu,MBBS,All India,General,2043,7816,8
"Government Medical College, Omandurar",Omandurar,Tamil Nadu,MBBS,All India,OBC,2469,9230,8
"Government Medical College, Omandurar",Omandurar,Tamil Nadu,MBBS,All India,SC,16430,44112,6
"Government Medical College, Omandurar",Omandurar,Tamil Nadu,MBBS,All India,ST,74103,85647,2
"Government Medical College, Ongole (previously Rajiv Gandhi Institute of Medical Sciences, Ongole)",Ongole),Andhra Pradesh,MBBS,All India,EWS,18401,26411,4
"Government Medical College, Ongole (previously Rajiv Gandhi Institute of Medical Sciences, Ongole)",Ongole),Andhra Pradesh,MBBS,All India,General,12241,22653,15
"Government Medical College, Ongole (previously Rajiv Gandhi Institute of Medical Sciences, Ongole)",Ongole),Andhra Pradesh,MBBS,All India,OBC,18008,23202,12
"Government Medical College, Ongole (previously Rajiv Gandhi Institute of Medical Sciences, Ongole)",Ongole),Andhra Pradesh,MBBS,All India,SC,47740,91767,6
"Government Medical College, Ongole (previously Rajiv Gandhi Institute of Medical Sciences, Ongole)",Ongole),Andhra Pradesh,MBBS,All India,ST,103045,117554,4
"Government Medical College, Osmanabad",Osmanabad,Maharashtra,MBBS,All India,EWS,20384,23522,4
"Government Medical College, Osmanabad",Osmanabad,Maharashtra,MBBS,All India,General,8201,20106,12
"Government Medical College, Osmanabad",Osmanabad,Maharashtra,MBBS,All India,OBC,17932,20359,6
"Government Medical College, Osmanabad",Osmanabad,Maharashtra,MBBS,All India,SC,84149,101709,4
"Government Medical College, Osmanabad",Osmanabad,Maharashtra,MBBS,All India,ST,115627,115762,2
"Government Medical College, Paderu",Paderu,Andhra Pradesh,MBBS,All India,EWS,26662,29637,4
"Government Medical College, Paderu",Paderu,Andhra Pradesh,MBBS,All India,General,18966,24041,12
"Government Medical College, Paderu",Paderu,Andhra Pradesh,MBBS,All India,OBC,21130,25023,6
"Government Medical College, Paderu",Paderu,Andhra Pradesh,MBBS,All India,SC,72263,87812,4
"Government Medical College, Paderu",Paderu,Andhra Pradesh,MBBS,All India,ST,118869,127804,2
"Government Medical College, Pali, Rajasthan",Rajasthan,Rajasthan,MBBS,All India,EWS,8291,11723,4
"Government Medical College, Pali, Rajasthan",Rajasthan,Rajasthan,MBBS,All India,General,5455,10131,18
"Government Medical College, Pali, Rajasthan",Rajasthan,Rajasthan,MBBS,All India,OBC,7255,10218,12
"Government Medical College, Pali, Rajasthan",Rajasthan,Rajasthan,MBBS,All India,SC,29374,65868,6
"Government Medical College, Pali, Rajasthan",Rajasthan,Rajasthan,MBBS,All India,ST,59432,59432,2
"Government Medical College, Panchmahal Godhra",Panchmahal Godhra,Gujarat,MBBS,All India,EWS,18327,24664,2
"Government Medical College, Panchmahal Godhra",Panchmahal Godhra,Gujarat,MBBS,All India,General,9466,22628,12
"Government Medical College, Panchmahal Godhra",Panchmahal Godhra,Gujarat,MBBS,All India,OBC,19076,24596,8
"Government Medical College, Panchmahal Godhra",Panchmahal Godhra,Gujarat,MBBS,All India,SC,71690,94532,6
"Government Medical College, Panchmahal Godhra",Panchmahal Godhra,Gujarat,MBBS,All India,ST,109670,112876,2
"Government Medical College, Parbhani",Parbhani,Maharashtra,MBBS,All India,EWS,21360,23013,2
"Government Medical College, Parbhani",Parbhani,Maharashtra,MBBS,All India,General,17099,20725,10
"Government Medical College, Parbhani",Parbhani,Maharashtra,MBBS,All India,OBC,18020,20802,8
"Government Medical College, Parbhani",Parbhani,Maharashtra,MBBS,All India,SC,90527,105506,6
"Government Medical College, Parbhani",Parbhani,Maharashtra,MBBS,All India,ST,117297,120720,4
"Government Medical College, Patiala",Patiala,Punjab,MBBS,All India,EWS,5440,8101,7
"Government Medical College, Patiala",Patiala,Punjab,MBBS,All India,General,736,4445,24
"Government Medical College, Patiala",Patiala,Punjab,MBBS,All India,OBC,4400,7670,18
"Government Medical College, Patiala",Patiala,Punjab,MBBS,All India,SC,27959,37029,10
"Government Medical College, Patiala",Patiala,Punjab,MBBS,All India,ST,66750,85309,6
"Government Medical College, Piduguralla",Piduguralla,Andhra Pradesh,MBBS,All India,General,17322,24657,6
"Government Medical College, Piduguralla",Piduguralla,Andhra Pradesh,MBBS,All India,OBC,22440,25542,4
"Government Medical College, Piduguralla",Piduguralla,Andhra Pradesh,MBBS,All India,ST,128338,131363,2
"Government Medical College, Porbandar",Porbandar,Gujarat,MBBS,All India,EWS,19955,25842,4
"Government Medical College, Porbandar",Porbandar,Gujarat,MBBS,All India,General,13141,21452,10
"Government Medical College, Porbandar",Porbandar,Gujarat,MBBS,All India,OBC,18112,23940,6
"Government Medical College, Porbandar",Porbandar,Gujarat,MBBS,All India,SC,72285,96679,4
"Government Medical College, Porbandar",Porbandar,Gujarat,MBBS,All India,ST,76825,116898,2
"Government Medical College, Pudukottai, Tamil Nadu",Tamil Nadu,Tamil Nadu,MBBS,All India,EWS,23217,29470,6
"Government Medical College, Pudukottai, Tamil Nadu",Tamil Nadu,Tamil Nadu,MBBS,All India,General,7323,19830,18
"Government Medical College, Pudukottai, Tamil Nadu",Tamil Nadu,Tamil Nadu,MBBS,All India,OBC,12656,20373,12
"Government Medical College, Pudukottai, Tamil Nadu",Tamil Nadu,Tamil Nadu,MBBS,All India,SC,43756,113264,6
"Government Medical College, Pudukottai, Tamil Nadu",Tamil Nadu,Tamil Nadu,MBBS,All India,ST,120178,125647,2
"Government Medical College, Purnea",Purnea,Bihar,MBBS,All India,EWS,14770,20188,4
"Government Medical College, Purnea",Purnea,Bihar,MBBS,All India,General,12644,18278,12
"Government Medical College, Purnea",Purnea,Bihar,MBBS,All India,OBC,14059,19562,6
"Government Medical College, Purnea",Purnea,Bihar,MBBS,All India,SC,72633,100105,4
"Government Medical College, Purnea",Purnea,Bihar,MBBS,All India,ST,111797,113289,2
"Government Medical College, Rajamahendravaram",Rajamahendravaram,Andhra Pradesh,MBBS,All India,EWS,25149,28884,4
"Government Medical College, Rajamahendravaram",Rajamahendravaram,Andhra Pradesh,MBBS,All India,General,16884,24293,18
"Government Medical College, Rajamahendravaram",Rajamahendravaram,Andhra Pradesh,MBBS,All India,OBC,19830,25078,12
"Government Medical College, Rajamahendravaram",Rajamahendravaram,Andhra Pradesh,MBBS,All India,SC,42735,108702,6
"Government Medical College, Rajamahendravaram",Rajamahendravaram,Andhra Pradesh,MBBS,All India,ST,93337,105253,2
"Government Medical College, Rajanna Sircilla",Rajanna Sircilla,Telangana,MBBS,All India,EWS,25422,25422,2
"Government Medical College, Rajanna Sircilla",Rajanna Sircilla,Telangana,MBBS,All India,General,19530,24324,12
"Government Medical College, Rajanna Sircilla",Rajanna Sircilla,Telangana,MBBS,All India,OBC,21689,24932,10
"Government Medical College, Rajanna Sircilla",Rajanna Sircilla,Telangana,MBBS,All India,SC,79308,114850,4
"Government Medical College, Rajanna Sircilla",Rajanna Sircilla,Telangana,MBBS,All India,ST,124325,124325,2
"Government Medical College, Rajouri, J&K",J&K,Jammu and Kashmir,MBBS,All India,EWS,15728,23057,4
"Government Medical College, Rajouri, J&K",J&K,Jammu and Kashmir,MBBS,All India,General,11457,17107,18
"Government Medical College, Rajouri, J&K",J&K,Jammu and Kashmir,MBBS,All India,OBC,15707,18741,13
"Government Medical College, Rajouri, J&K",J&K,Jammu and Kashmir,MBBS,All India,SC,65514,88411,6
"Government Medical College, Rajouri, J&K",J&K,Jammu and Kashmir,MBBS,All India,ST,79596,109648,2
"Government Medical College, Ramagundam",Ramagundam,Telangana,MBBS,All India,EWS,25778,26763,6
"Government Medical College, Ramagundam",Ramagundam,Telangana,MBBS,All India,General,17046,24734,16
"Government Medical College, Ramagundam",Ramagundam,Telangana,MBBS,All India,OBC,21759,25029,11
"Government Medical College, Ramagundam",Ramagundam,Telangana,MBBS,All India,SC,101198,119817,6
"Government Medical College, Ramagundam",Ramagundam,Telangana,MBBS,All India,ST,117961,123735,2
"Government Medical College, Ramanathapuram",Ramanathapuram,Tamil Nadu,MBBS,All India,EWS,27118,28335,2
"Government Medical College, Ramanathapuram",Ramanathapuram,Tamil Nadu,MBBS,All India,General,12228,22050,14
"Government Medical College, Ramanathapuram",Ramanathapuram,Tamil Nadu,MBBS,All India,OBC,14313,22661,8
"Government Medical College, Ramanathapuram",Ramanathapuram,Tamil Nadu,MBBS,All India,SC,61496,118442,4
"Government Medical College, Ramanathapuram",Ramanathapuram,Tamil Nadu,MBBS,All India,ST,118110,128553,2
"Government Medical College, Rampur, Basti",Basti,Uttar Pradesh,MBBS,All India,EWS,15802,16426,4
"Government Medical College, Rampur, Basti",Basti,Uttar Pradesh,MBBS,All India,General,9368,15141,12
"Government Medical College, Rampur, Basti",Basti,Uttar Pradesh,MBBS,All India,OBC,13063,15617,8
"Government Medical College, Rampur, Basti",Basti,Uttar Pradesh,MBBS,All India,SC,66610,84608,4
"Government Medical College, Rampur, Basti",Basti,Uttar Pradesh,MBBS,All India,ST,77305,102487,2
"Government Medical College, Sangareddy",Sangareddy,Telangana,MBBS,All India,EWS,23563,25283,4
"Government Medical College, Sangareddy",Sangareddy,Telangana,MBBS,All India,General,16367,23223,18
"Government Medical College, Sangareddy",Sangareddy,Telangana,MBBS,All India,OBC,20681,24137,10
"Government Medical College, Sangareddy",Sangareddy,Telangana,MBBS,All India,SC,64767,112465,8
"Government Medical College, Sangareddy",Sangareddy,Telangana,MBBS,All India,ST,89139,100174,4
"Government Medical College, Satara",Satara,Maharashtra,MBBS,All India,EWS,17988,19925,2
"Government Medical College, Satara",Satara,Maharashtra,MBBS,All India,General,12300,17728,10
"Government Medical College, Satara",Satara,Maharashtra,MBBS,All India,OBC,14374,18488,8
"Government Medical College, Satara",Satara,Maharashtra,MBBS,All India,SC,67143,86947,2
"Government Medical College, Satara",Satara,Maharashtra,MBBS,All India,ST,116386,116386,2
"Government Medical College, Satna",Satna,Madhya Pradesh,MBBS,All India,EWS,15727,21272,6
"Government Medical College, Satna",Satna,Madhya Pradesh,MBBS,All India,General,14180,17308,16
"Government Medical College, Satna",Satna,Madhya Pradesh,MBBS,All India,OBC,15770,18200,12
"Government Medical College, Satna",Satna,Madhya Pradesh,MBBS,All India,SC,78724,91639,6
"Government Medical College, Satna",Satna,Madhya Pradesh,MBBS,All India,ST,98131,102487,2
"Government Medical College, Sawai Madhopur",Sawai Madhopur,Rajasthan,MBBS,All India,EWS,11723,19018,2
"Government Medical College, Sawai Madhopur",Sawai Madhopur,Rajasthan,MBBS,All India,General,7529,15259,12
"Government Medical College, Sawai Madhopur",Sawai Madhopur,Rajasthan,MBBS,All India,OBC,12157,15810,8
"Government Medical College, Sawai Madhopur",Sawai Madhopur,Rajasthan,MBBS,All India,SC,56464,76486,4
"Government Medical College, Sawai Madhopur",Sawai Madhopur,Rajasthan,MBBS,All India,ST,68275,68275,2
"Government Medical College, Seoni",Seoni,Madhya Pradesh,MBBS,All India,EWS,17376,20519,2
"Government Medical College, Seoni",Seoni,Madhya Pradesh,MBBS,All India,General,11893,18628,14
"Government Medical College, Seoni",Seoni,Madhya Pradesh,MBBS,All India,OBC,15949,18965,8
"Government Medical College, Seoni",Seoni,Madhya Pradesh,MBBS,All India,SC,72464,95373,4
"Government Medical College, Seoni",Seoni,Madhya Pradesh,MBBS,All India,ST,104543,105291,2
"Government Medical College, Shahdol, MP",MP,Chhattisgarh,MBBS,All India,EWS,15584,20052,4
"Government Medical College, Shahdol, MP",MP,Chhattisgarh,MBBS,All India,General,13754,16832,10
"Government Medical College, Shahdol, MP",MP,Chhattisgarh,MBBS,All India,OBC,15164,17742,6
"Government Medical College, Shahdol, MP",MP,Chhattisgarh,MBBS,All India,SC,78724,88808,6
"Government Medical College, Shahdol, MP",MP,Chhattisgarh,MBBS,All India,ST,98557,99692,2
"Government Medical College, Shahjahanpur, UP",UP,Uttar Pradesh,MBBS,All India,EWS,13295,18330,4
"Government Medical College, Shahjahanpur, UP",UP,Uttar Pradesh,MBBS,All India,General,9232,15046,8
"Government Medical College, Shahjahanpur, UP",UP,Uttar Pradesh,MBBS,All India,OBC,12018,15488,6
"Government Medical College, Shahjahanpur, UP",UP,Uttar Pradesh,MBBS,All India,SC,63048,82669,4
"Government Medical College, Shahjahanpur, UP",UP,Uttar Pradesh,MBBS,All India,ST,94804,98287,4
"Government Medical College, Shivpuri, MP",MP,Madhya Pradesh,MBBS,All India,EWS,15332,16666,2
"Government Medical College, Shivpuri, MP",MP,Madhya Pradesh,MBBS,All India,General,10513,14048,10
"Government Medical College, Shivpuri, MP",MP,Madhya Pradesh,MBBS,All India,OBC,12273,15435,8
"Government Medical College, Shivpuri, MP",MP,Madhya Pradesh,MBBS,All India,SC,58649,84857,4
"Government Medical College, Shivpuri, MP",MP,Madhya Pradesh,MBBS,All India,ST,84100,96664,4
"Government Medical College, Siddipet",Siddipet,Telangana,MBBS,All India,EWS,22222,25671,6
"Government Medical College, Siddipet",Siddipet,Telangana,MBBS,All India,General,13678,22681,16
"Government Medical College, Siddipet",Siddipet,Telangana,MBBS,All India,OBC,18764,23494,14
"Government Medical College, Siddipet",Siddipet,Telangana,MBBS,All India,SC,56257,107795,8
"Government Medical College, Siddipet",Siddipet,Telangana,MBBS,All India,ST,90456,94668,4
"Government Medical College, Sindhudurg",Sindhudurg,Maharashtra,MBBS,All India,EWS,20500,22947,2
"Government Medical College, Sindhudurg",Sindhudurg,Maharashtra,MBBS,All India,General,16958,20372,14
"Government Medical College, Sindhudurg",Sindhudurg,Maharashtra,MBBS,All India,OBC,17526,20581,8
"Government Medical College, Sindhudurg",Sindhudurg,Maharashtra,MBBS,All India,SC,78579,101531,4
"Government Medical College, Sindhudurg",Sindhudurg,Maharashtra,MBBS,All India,ST,113401,117297,2
"Government Medical College, Sirohi",Sirohi,Rajasthan,MBBS,All India,EWS,10714,15383,2
"Government Medical College, Sirohi",Sirohi,Rajasthan,MBBS,All India,General,7879,14183,12
"Government Medical College, Sirohi",Sirohi,Rajasthan,MBBS,All India,OBC,11794,14454,8
"Government Medical College, Sirohi",Sirohi,Rajasthan,MBBS,All India,SC,54556,75412,4
"Government Medical College, Sirohi",Sirohi,Rajasthan,MBBS,All India,ST,71847,83414,4
"Government Medical College, Sri Ganganagar",Sri Ganganagar,Rajasthan,MBBS,All India,EWS,12380,16753,4
"Government Medical College, Sri Ganganagar",Sri Ganganagar,Rajasthan,MBBS,All India,General,8256,12786,10
"Government Medical College, Sri Ganganagar",Sri Ganganagar,Rajasthan,MBBS,All India,OBC,9245,13255,8
"Government Medical College, Sri Ganganagar",Sri Ganganagar,Rajasthan,MBBS,All India,SC,56430,70700,4
"Government Medical College, Sri Ganganagar",Sri Ganganagar,Rajasthan,MBBS,All India,ST,79273,81034,2
"Government Medical College, Srinagar",Srinagar,Jammu and Kashmir,MBBS,All India,EWS,6085,14605,8
"Government Medical College, Srinagar",Srinagar,Jammu and Kashmir,MBBS,All India,General,437,2800,14
"Government Medical College, Srinagar",Srinagar,Jammu and Kashmir,MBBS,All India,OBC,5406,13567,16
"Government Medical College, Srinagar",Srinagar,Jammu and Kashmir,MBBS,All India,SC,44082,68424,9
"Government Medical College, Srinagar",Srinagar,Jammu and Kashmir,MBBS,All India,ST,12752,38413,3
"Government Medical College, Sundargarh",Sundargarh,Odisha,MBBS,All India,EWS,20439,25203,2
"Government Medical College, Sundargarh",Sundargarh,Odisha,MBBS,All India,General,11866,22171,12
"Government Medical College, Sundargarh",Sundargarh,Odisha,MBBS,All India,OBC,14423,22523,6
"Government Medical College, Sundargarh",Sundargarh,Odisha,MBBS,All India,SC,83415,107787,6
"Government Medical College, Sundargarh",Sundargarh,Odisha,MBBS,All India,ST,125743,125743,2
"Government Medical College, Surat",Surat,Gujarat,MBBS,All India,EWS,5081,8819,6
"Government Medical College, Surat",Surat,Gujarat,MBBS,All India,General,57,4768,21
"Government Medical College, Surat",Surat,Gujarat,MBBS,All India,OBC,4905,6516,17
"Government Medical College, Surat",Surat,Gujarat,MBBS,All India,SC,28976,39730,9
"Government Medical College, Surat",Surat,Gujarat,MBBS,All India,ST,52961,61292,6
"Government Medical College, Suryapet",Suryapet,Telangana,MBBS,All India,EWS,21172,26349,4
"Government Medical College, Suryapet",Suryapet,Telangana,MBBS,All India,General,13849,23399,20
"Government Medical College, Suryapet",Suryapet,Telangana,MBBS,All India,OBC,19487,23667,10
"Government Medical College, Suryapet",Suryapet,Telangana,MBBS,All India,SC,92278,111055,6
"Government Medical College, Suryapet",Suryapet,Telangana,MBBS,All India,ST,94774,108610,4
"Government Medical College, The Nilgiris",The Nilgiris,Karnataka,MBBS,All India,EWS,19263,29350,4
"Government Medical College, The Nilgiris",The Nilgiris,Karnataka,MBBS,All India,General,8828,18119,14
"Government Medical College, The Nilgiris",The Nilgiris,Karnataka,MBBS,All India,OBC,11140,18797,10
"Government Medical College, The Nilgiris",The Nilgiris,Karnataka,MBBS,All India,SC,70292,116949,8
"Government Medical College, The Nilgiris",The Nilgiris,Karnataka,MBBS,All India,ST,127287,129590,4
"Government Medical College, Thiruvallur",Thiruvallur,Tamil Nadu,MBBS,All India,EWS,23653,29585,4
"Government Medical College, Thiruvallur",Thiruvallur,Tamil Nadu,MBBS,All India,General,4392,17077,16
"Government Medical College, Thiruvallur",Thiruvallur,Tamil Nadu,MBBS,All India,OBC,8349,17994,12
"Government Medical College, Thiruvallur",Thiruvallur,Tamil Nadu,MBBS,All India,SC,29977,93681,4
"Government Medical College, Thiruvallur",Thiruvallur,Tamil Nadu,MBBS,All India,ST,90559,90559,2
"Government Medical College, Thrissur",Thrissur,Kerala,MBBS,All India,EWS,10415,18392,4
"Government Medical College, Thrissur",Thrissur,Kerala,MBBS,All India,General,880,8556,17
"Government Medical College, Thrissur",Thrissur,Kerala,MBBS,All India,OBC,3148,9307,14
"Government Medical College, Thrissur",Thrissur,Kerala,MBBS,All India,SC,39183,79120,8
"Government Medical College, Thrissur",Thrissur,Kerala,MBBS,All India,ST,40822,94760,4
"Government Medical College, Tiruppur",Tiruppur,Tamil Nadu,MBBS,All India,EWS,21382,29324,4
"Government Medical College, Tiruppur",Tiruppur,Tamil Nadu,MBBS,All India,General,6564,17357,18
"Government Medical College, Tiruppur",Tiruppur,Tamil Nadu,MBBS,All India,OBC,10097,18409,12
"Government Medical College, Tiruppur",Tiruppur,Tamil Nadu,MBBS,All India,SC,48106,110304,6
"Government Medical College, Tiruppur",Tiruppur,Tamil Nadu,MBBS,All India,ST,114585,124682,2
"Government Medical College, Vidisha, MP",MP,Madhya Pradesh,MBBS,All India,EWS,12884,15584,6
"Government Medical College, Vidisha, MP",MP,Madhya Pradesh,MBBS,All India,General,8377,13655,22
"Government Medical College, Vidisha, MP",MP,Madhya Pradesh,MBBS,All India,OBC,10782,14144,14
"Government Medical College, Vidisha, MP",MP,Madhya Pradesh,MBBS,All India,SC,61670,81808,6
"Government Medical College, Vidisha, MP",MP,Madhya Pradesh,MBBS,All India,ST,74674,74674,2
"Government Medical College, Virudhunagar",Virudhunagar,Tamil Nadu,MBBS,All India,EWS,25848,29510,4
"Government Medical College, Virudhunagar",Virudhunagar,Tamil Nadu,MBBS,All India,General,10883,20934,18
"Government Medical College, Virudhunagar",Virudhunagar,Tamil Nadu,MBBS,All India,OBC,13415,21545,12
"Government Medical College, Virudhunagar",Virudhunagar,Tamil Nadu,MBBS,All India,SC,62660,113330,6
"Government Medical College, Virudhunagar",Virudhunagar,Tamil Nadu,MBBS,All India,ST,130535,131758,4
"Government Medical College, Wanaparthy",Wanaparthy,Telangana,MBBS,All India,EWS,25557,28409,4
"Government Medical College, Wanaparthy",Wanaparthy,Telangana,MBBS,All India,General,14171,24885,18
"Government Medical College, Wanaparthy",Wanaparthy,Telangana,MBBS,All India,OBC,21858,25325,12
"Government Medical College, Wanaparthy",Wanaparthy,Telangana,MBBS,All India,SC,98655,113302,4
"Government Medical College, Wanaparthy",Wanaparthy,Telangana,MBBS,All India,ST,120300,120300,2
"Government Medical College, Washim",Washim,Bihar,MBBS,All India,EWS,22138,24355,4
"Government Medical College, Washim",Washim,Bihar,MBBS,All India,General,16893,21461,12
"Government Medical College, Washim",Washim,Bihar,MBBS,All India,OBC,19223,22268,8
"Government Medical College, Washim",Washim,Bihar,MBBS,All India,SC,93944,109157,4
"Government Medical College, Washim",Washim,Bihar,MBBS,All India,ST,119606,122976,2
"Government Medical College, Wayanad",Wayanad,Kerala,MBBS,All India,EWS,23675,26636,2
"Government Medical College, Wayanad",Wayanad,Kerala,MBBS,All India,General,6758,15588,6
"Government Medical College, Wayanad",Wayanad,Kerala,MBBS,All India,OBC,8197,15700,2
"Government Medical College, Wayanad",Wayanad,Kerala,MBBS,All India,SC,68599,68599,2
"Government Medical College, Wayanad",Wayanad,Kerala,MBBS,All India,ST,123319,123979,2
"Government Medical College, Yadadri",Yadadri,Telangana,MBBS,All India,EWS,26507,28188,2
"Government Medical College, Yadadri",Yadadri,Telangana,MBBS,All India,General,17597,22903,4
"Government Medical College, Yadadri",Yadadri,Telangana,MBBS,All India,OBC,21894,23790,2
"Government Medical College, Yadadri",Yadadri,Telangana,MBBS,All India,SC,93484,120870,2
"Government Medical College, Yadadri",Yadadri,Telangana,MBBS,All India,ST,127392,127392,2
"Government Medical college and District Hospital, Ratnagiri",Ratnagiri,Maharashtra,MBBS,All India,EWS,18239,21984,2
"Government Medical college and District Hospital, Ratnagiri",Ratnagiri,Maharashtra,MBBS,All India,General,13931,18891,10
"Government Medical college and District Hospital, Ratnagiri",Ratnagiri,Maharashtra,MBBS,All India,OBC,16647,19898,6
"Government Medical college and District Hospital, Ratnagiri",Ratnagiri,Maharashtra,MBBS,All India,SC,75077,93232,4
"Government Medical college and District Hospital, Ratnagiri",Ratnagiri,Maharashtra,MBBS,All India,ST,96915,96915,2
"Government Siddhartha Medical College, Vijaywada",Vijaywada,Andhra Pradesh,MBBS,All India,EWS,13115,18111,4
"Government Siddhartha Medical College, Vijaywada",Vijaywada,Andhra Pradesh,MBBS,All India,General,4723,17123,29
"Government Siddhartha Medical College, Vijaywada",Vijaywada,Andhra Pradesh,MBBS,All India,OBC,11136,19451,18
"Government Siddhartha Medical College, Vijaywada",Vijaywada,Andhra Pradesh,MBBS,All India,SC,36289,84396,9
"Government Siddhartha Medical College, Vijaywada",Vijaywada,Andhra Pradesh,MBBS,All India,ST,94396,96507,6
"Government Sivagangai Medical College, Sivaganga",Sivaganga,Tamil Nadu,MBBS,All India,EWS,24193,28659,2
"Government Sivagangai Medical College, Sivaganga",Sivaganga,Tamil Nadu,MBBS,All India,General,6270,20849,12
"Government Sivagangai Medical College, Sivaganga",Sivaganga,Tamil Nadu,MBBS,All India,OBC,13281,21135,6
"Government Sivagangai Medical College, Sivaganga",Sivaganga,Tamil Nadu,MBBS,All India,SC,64982,112728,6
"Government Sivagangai Medical College, Sivaganga",Sivaganga,Tamil Nadu,MBBS,All India,ST,127318,128706,2
"Government Thiruvannamalai Medical College, Thiruvannamalai",Thiruvannamalai,Tamil Nadu,MBBS,All India,EWS,21828,29392,4
"Government Thiruvannamalai Medical College, Thiruvannamalai",Thiruvannamalai,Tamil Nadu,MBBS,All India,General,6972,17548,10
"Government Thiruvannamalai Medical College, Thiruvannamalai",Thiruvannamalai,Tamil Nadu,MBBS,All India,OBC,10381,19511,8
"Government Thiruvannamalai Medical College, Thiruvannamalai",Thiruvannamalai,Tamil Nadu,MBBS,All India,SC,37849,99386,4
"Government Thiruvannamalai Medical College, Thiruvannamalai",Thiruvannamalai,Tamil Nadu,MBBS,All India,ST,98131,131363,2
"Government Vellore Medical College, Vellore",Vellore,Tamil Nadu,MBBS,All India,EWS,14190,23575,4
"Government Vellore Medical College, Vellore",Vellore,Tamil Nadu,MBBS,All India,General,2822,12728,12
"Government Vellore Medical College, Vellore",Vellore,Tamil Nadu,MBBS,All India,OBC,7114,14091,8
"Government Vellore Medical College, Vellore",Vellore,Tamil Nadu,MBBS,All India,SC,29710,62554,4
"Government Vellore Medical College, Vellore",Vellore,Tamil Nadu,MBBS,All India,ST,84174,97870,2
"Government Villupuram Medical College, Villupuram",Villupuram,Tamil Nadu,MBBS,All India,EWS,24872,27933,2
"Government Villupuram Medical College, Villupuram",Villupuram,Tamil Nadu,MBBS,All India,General,6881,17967,14
"Government Villupuram Medical College, Villupuram",Villupuram,Tamil Nadu,MBBS,All India,OBC,10562,18475,8
"Government Villupuram Medical College, Villupuram",Villupuram,Tamil Nadu,MBBS,All India,SC,37865,94656,4
"Government Villupuram Medical College, Villupuram",Villupuram,Tamil Nadu,MBBS,All India,ST,116316,116316,1
"Government medical College, Quthbullapur",Quthbullapur,Telangana,MBBS,All India,EWS,24725,25133,2
"Government medical College, Quthbullapur",Quthbullapur,Telangana,MBBS,All India,General,9846,21974,6
"Government medical College, Quthbullapur",Quthbullapur,Telangana,MBBS,All India,OBC,18550,18550,2
"Government medical College, Quthbullapur",Quthbullapur,Telangana,MBBS,All India,SC,92123,92123,2
"Government medical College, Quthbullapur",Quthbullapur,Telangana,MBBS,All India,ST,102347,119973,2
"Government medical college, jashpur-kunkuri",jashpur-kunkuri,Chhattisgarh,MBBS,All India,General,19798,23716,6
"Government medical college, jashpur-kunkuri",jashpur-kunkuri,Chhattisgarh,MBBS,All India,OBC,21755,24335,4
"Government medical college, jashpur-kunkuri",jashpur-kunkuri,Chhattisgarh,MBBS,All India,SC,101268,111520,2
"Government medical college, jashpur-kunkuri",jashpur-kunkuri,Chhattisgarh,MBBS,All India,ST,124557,127702,2
"Government medical college, tonk, Government Medical College",Government Medical College,Rajasthan,MBBS,All India,EWS,13945,19426,2
"Government medical college, tonk, Government Medical College",Government Medical College,Rajasthan,MBBS,All India,General,11306,15213,6
"Government medical college, tonk, Government Medical College",Government Medical College,Rajasthan,MBBS,All India,OBC,12450,15969,2
"Government medical college, tonk, Government Medical College",Government Medical College,Rajasthan,MBBS,All India,SC,58395,71718,2
"Government medical college, vizianagaram",vizianagaram,Andhra Pradesh,MBBS,All India,EWS,23243,28298,6
"Government medical college, vizianagaram",vizianagaram,Andhra Pradesh,MBBS,All India,General,14399,23977,14
"Government medical college, vizianagaram",vizianagaram,Andhra Pradesh,MBBS,All India,OBC,20815,25214,12
"Government medical college, vizianagaram",vizianagaram,Andhra Pradesh,MBBS,All India,SC,59932,110216,8
"Government medical college, vizianagaram",vizianagaram,Andhra Pradesh,MBBS,All India,ST,125733,126843,4
Govt Dental College RIMS Kadapa,,Andhra Pradesh,BDS,All India,EWS,45104,45104,2
Govt Dental College RIMS Kadapa,,Andhra Pradesh,BDS,All India,General,33707,42865,14
Govt Dental College RIMS Kadapa,,Andhra Pradesh,BDS,All India,OBC,41130,46755,8
Govt Dental College RIMS Kadapa,,Andhra Pradesh,BDS,All India,SC,140995,166588,4
Govt Dental College RIMS Kadapa,,Andhra Pradesh,BDS,All India,ST,132977,204945,2
Govt dental college Pudukkottai,,Tamil Nadu,BDS,All India,General,21008,36130,10
Govt dental college Pudukkottai,,Tamil Nadu,BDS,All India,OBC,35735,43766,2
Govt dental college Pudukkottai,,Tamil Nadu,BDS,All India,SC,120301,131544,2
Govt. Medical College,,Kerala,MBBS,All India,EWS,16302,23243,4
Govt. Medical College,,Kerala,MBBS,All India,General,4149,12214,12
Govt. Medical College,,Kerala,MBBS,All India,OBC,5890,13116,8
Govt. Medical College,,Kerala,MBBS,All India,SC,61905,108631,4
Govt. Medical College,,Kerala,MBBS,All India,ST,95821,107990,2
"Govt. Medical College, Doda, Kashmir",Kashmir,Jammu and Kashmir,MBBS,All India,EWS,20442,24953,4
"Govt. Medical College, Doda, Kashmir",Kashmir,Jammu and Kashmir,MBBS,All India,General,11356,22204,18
"Govt. Medical College, Doda, Kashmir",Kashmir,Jammu and Kashmir,MBBS,All India,OBC,18340,23220,12
"Govt. Medical College, Doda, Kashmir",Kashmir,Jammu and Kashmir,MBBS,All India,SC,75631,94900,8
"Govt. Medical College, Doda, Kashmir",Kashmir,Jammu and Kashmir,MBBS,All India,ST,91553,115915,4
"Govt. Medical College, Kabeerdham",Kabeerdham,Chhattisgarh,MBBS,All India,EWS,24490,25990,2
"Govt. Medical College, Kabeerdham",Kabeerdham,Chhattisgarh,MBBS,All India,General,19186,23021,4
"Govt. Medical College, Kabeerdham",Kabeerdham,Chhattisgarh,MBBS,All India,OBC,20523,24752,4
"Govt. Medical College, Kabeerdham",Kabeerdham,Chhattisgarh,MBBS,All India,SC,95823,95823,2
"Govt. Medical College, Kabeerdham",Kabeerdham,Chhattisgarh,MBBS,All India,ST,123895,126608,2
"Govt. Mohan Kumaramangalam Medical College, Salem",Salem,Tamil Nadu,MBBS,All India,EWS,19686,26348,2
"Govt. Mohan Kumaramangalam Medical College, Salem",Salem,Tamil Nadu,MBBS,All India,General,393,12708,6
"Govt. Mohan Kumaramangalam Medical College, Salem",Salem,Tamil Nadu,MBBS,All India,OBC,4758,14216,8
"Govt. Mohan Kumaramangalam Medical College, Salem",Salem,Tamil Nadu,MBBS,All India,SC,28989,73378,6
"Govt. Mohan Kumaramangalam Medical College, Salem",Salem,Tamil Nadu,MBBS,All India,ST,101058,123236,4
Govt.Medical Collage Manendragarh,,Chhattisgarh,MBBS,All India,EWS,24542,25787,2
Govt.Medical Collage Manendragarh,,Chhattisgarh,MBBS,All India,General,16145,20432,6
Govt.Medical Collage Manendragarh,,Chhattisgarh,MBBS,All India,OBC,20568,22359,4
Govt.Medical Collage Manendragarh,,Chhattisgarh,MBBS,All India,SC,97534,103636,2
"Grant Medical College, Mumbai",Mumbai,Maharashtra,MBBS,All India,EWS,3379,5581,7
"Grant Medical College, Mumbai",Mumbai,Maharashtra,MBBS,All India,General,1215,2634,29
"Grant Medical College, Mumbai",Mumbai,Maharashtra,MBBS,All India,OBC,2979,5030,22
"Grant Medical College, Mumbai",Mumbai,Maharashtra,MBBS,All India,SC,13452,30736,10
"Grant Medical College, Mumbai",Mumbai,Maharashtra,MBBS,All India,ST,45708,51069,6
"Graphic Era Institute of Medical Sciences Dehradun, Uttrakhand",Uttrakhand,Uttarakhand,MBBS,Self-Financed Merit Seat,General,156007,660911,328
"Gulbarga Institute of Medical Sciences, Gulbarga",Gulbarga,Karnataka,MBBS,All India,EWS,16978,23096,6
"Gulbarga Institute of Medical Sciences, Gulbarga",Gulbarga,Karnataka,MBBS,All India,General,7443,19001,23
"Gulbarga Institute of Medical Sciences, Gulbarga",Gulbarga,Karnataka,MBBS,All India,OBC,14899,20213,16
"Gulbarga Institute of Medical Sciences, Gulbarga",Gulbarga,Karnataka,MBBS,All India,SC,61652,93808,10
"Gulbarga Institute of Medical Sciences, Gulbarga",Gulbarga,Karnataka,MBBS,All India,ST,86021,96092,4
"Guntur Medical College, Guntur",Guntur,Andhra Pradesh,MBBS,All India,EWS,6499,13115,7
"Guntur Medical College, Guntur",Guntur,Andhra Pradesh,MBBS,All India,General,3641,9163,27
"Guntur Medical College, Guntur",Guntur,Andhra Pradesh,MBBS,All India,OBC,5793,14277,19
"Guntur Medical College, Guntur",Guntur,Andhra Pradesh,MBBS,All India,SC,7123,55919,11
"Guntur Medical College, Guntur",Guntur,Andhra Pradesh,MBBS,All India,ST,46594,62547,6
"Guru Govind Singh Medical College, Faridkot",Faridkot,Punjab,MBBS,All India,EWS,10447,15727,8
"Guru Govind Singh Medical College, Faridkot",Faridkot,Punjab,MBBS,All India,General,4780,10845,30
"Guru Govind Singh Medical College, Faridkot",Faridkot,Punjab,MBBS,All India,OBC,8605,12907,20
"Guru Govind Singh Medical College, Faridkot",Faridkot,Punjab,MBBS,All India,SC,37029,78480,10
"Guru Govind Singh Medical College, Faridkot",Faridkot,Punjab,MBBS,All India,ST,73838,91862,4
"H.B.T. Medical College & Dr. R.N. Cooper Municipal General Hospital, Juhu, Mumbai",Mumbai,Maharashtra,MBBS,All India,EWS,5559,10534,6
"H.B.T. Medical College & Dr. R.N. Cooper Municipal General Hospital, Juhu, Mumbai",Mumbai,Maharashtra,MBBS,All India,General,3104,6871,22
"H.B.T. Medical College & Dr. R.N. Cooper Municipal General Hospital, Juhu, Mumbai",Mumbai,Maharashtra,MBBS,All India,OBC,5067,8686,16
"H.B.T. Medical College & Dr. R.N. Cooper Municipal General Hospital, Juhu, Mumbai",Mumbai,Maharashtra,MBBS,All India,SC,32198,62453,10
"H.B.T. Medical College & Dr. R.N. Cooper Municipal General Hospital, Juhu, Mumbai",Mumbai,Maharashtra,MBBS,All India,ST,68163,69492,4
"Hamdard Institute of Medical Sciences & Research, New Delhi",New Delhi,Delhi,MBBS,Muslim Minority Quota,General,34633,103937,94
"Hamdard Institute of Medical Sciences & Research, New Delhi",New Delhi,Delhi,MBBS,Non-Resident Indian,General,401309,973068,10
"Hamdard Institute of Medical Sciences & Research, New Delhi",New Delhi,Delhi,MBBS,Self-Financed Merit Seat,General,9818,73637,87
"Hassan Institute of Medical Sciences, Hassan",Hassan,Karnataka,MBBS,All India,EWS,12401,23814,6
"Hassan Institute of Medical Sciences, Hassan",Hassan,Karnataka,MBBS,All India,General,6916,17492,22
"Hassan Institute of Medical Sciences, Hassan",Hassan,Karnataka,MBBS,All India,OBC,9879,19399,14
"Hassan Institute of Medical Sciences, Hassan",Hassan,Karnataka,MBBS,All India,SC,57307,88153,8
"Hassan Institute of Medical Sciences, Hassan",Hassan,Karnataka,MBBS,All India,ST,58430,80842,6
"Haveri Institute of Medical Sciences, Haveri",Haveri,Karnataka,MBBS,All India,EWS,23984,27439,4
"Haveri Institute of Medical Sciences, Haveri",Haveri,Karnataka,MBBS,All India,General,17677,22621,20
"Haveri Institute of Medical Sciences, Haveri",Haveri,Karnataka,MBBS,All India,OBC,18991,23433,12
"Haveri Institute of Medical Sciences, Haveri",Haveri,Karnataka,MBBS,All India,SC,91215,111919,6
"Haveri Institute of Medical Sciences, Haveri",Haveri,Karnataka,MBBS,All India,ST,97532,97532,2
"Hazaribagh Medical College, Hazaribagh",Hazaribagh,Jharkhand,MBBS,All India,EWS,15023,21261,2
"Hazaribagh Medical College, Hazaribagh",Hazaribagh,Jharkhand,MBBS,All India,General,10989,16986,12
"Hazaribagh Medical College, Hazaribagh",Hazaribagh,Jharkhand,MBBS,All India,OBC,13752,17702,8
"Hazaribagh Medical College, Hazaribagh",Hazaribagh,Jharkhand,MBBS,All India,SC,79366,101749,4
"Hazaribagh Medical College, Hazaribagh",Hazaribagh,Jharkhand,MBBS,All India,ST,104848,108132,2
"IMS BHU Dental, Varanasi",Varanasi,Uttar Pradesh,BDS,Open Seat Quota,EWS,30422,35413,12
"IMS BHU Dental, Varanasi",Varanasi,Uttar Pradesh,BDS,Open Seat Quota,General,2839,32324,45
"IMS BHU Dental, Varanasi",Varanasi,Uttar Pradesh,BDS,Open Seat Quota,OBC,30406,33664,31
"IMS BHU Dental, Varanasi",Varanasi,Uttar Pradesh,BDS,Open Seat Quota,SC,55365,144388,18
"IMS BHU Dental, Varanasi",Varanasi,Uttar Pradesh,BDS,Open Seat Quota,ST,119137,169225,10
"Indira Gandhi Govt. Dental College, Jammu",Jammu,Jammu and Kashmir,BDS,All India,General,29444,38050,8
"Indira Gandhi Govt. Dental College, Jammu",Jammu,Jammu and Kashmir,BDS,All India,OBC,38764,39306,4
"Indira Gandhi Govt. Dental College, Jammu",Jammu,Jammu and Kashmir,BDS,All India,SC,133207,158642,4
"Indira Gandhi Govt. Dental College, Jammu",Jammu,Jammu and Kashmir,BDS,All India,ST,150731,168326,2
"Indira Gandhi Institute of Dental Sciences, Pondicherry",Pondicherry,Puducherry,BDS,Self-Financed Merit Seat,General,134098,922451,162
"Indira Gandhi Institute of Medical Sciences, Sheikhpura, Patna",Patna,Bihar,MBBS,All India,EWS,5562,5562,1
"Indira Gandhi Institute of Medical Sciences, Sheikhpura, Patna",Patna,Bihar,MBBS,All India,General,3455,4790,18
"Indira Gandhi Institute of Medical Sciences, Sheikhpura, Patna",Patna,Bihar,MBBS,All India,OBC,4719,6587,10
"Indira Gandhi Institute of Medical Sciences, Sheikhpura, Patna",Patna,Bihar,MBBS,All India,SC,30440,56153,6
"Indira Gandhi Institute of Medical Sciences, Sheikhpura, Patna",Patna,Bihar,MBBS,All India,ST,58641,58641,2
"Indira Gandhi Medical College & Hospital, Nagpur",Nagpur,Maharashtra,MBBS,All India,EWS,7065,13483,6
"Indira Gandhi Medical College & Hospital, Nagpur",Nagpur,Maharashtra,MBBS,All India,General,4048,8417,24
"Indira Gandhi Medical College & Hospital, Nagpur",Nagpur,Maharashtra,MBBS,All India,OBC,6966,10618,14
"Indira Gandhi Medical College & Hospital, Nagpur",Nagpur,Maharashtra,MBBS,All India,SC,37726,53920,6
"Indira Gandhi Medical College & Hospital, Nagpur",Nagpur,Maharashtra,MBBS,All India,ST,74524,79328,2
"Indira Gandhi Medical College & Research Institute, Puducherry",Puducherry,Puducherry,MBBS,All India,EWS,14477,18239,4
"Indira Gandhi Medical College & Research Institute, Puducherry",Puducherry,Puducherry,MBBS,All India,General,2397,14447,17
"Indira Gandhi Medical College & Research Institute, Puducherry",Puducherry,Puducherry,MBBS,All India,OBC,9078,18533,12
"Indira Gandhi Medical College & Research Institute, Puducherry",Puducherry,Puducherry,MBBS,All India,SC,37507,84430,8
"Indira Gandhi Medical College & Research Institute, Puducherry",Puducherry,Puducherry,MBBS,All India,ST,93203,105850,4
"Indira Gandhi Medical College, Shimla",Shimla,Himachal Pradesh,MBBS,All India,EWS,4415,5717,4
"Indira Gandhi Medical College, Shimla",Shimla,Himachal Pradesh,MBBS,All India,General,2296,3821,14
"Indira Gandhi Medical College, Shimla",Shimla,Himachal Pradesh,MBBS,All India,OBC,3713,4550,8
"Indira Gandhi Medical College, Shimla",Shimla,Himachal Pradesh,MBBS,All India,SC,21124,30618,6
"Indira Gandhi Medical College, Shimla",Shimla,Himachal Pradesh,MBBS,All India,ST,34744,34744,1
"Institute of Dental Sciences, Bhubaneswar",Bhubaneswar,Odisha,BDS,Self-Financed Merit Seat,General,85038,754449,132
"Institute of Medical Sciences & SUM Hospital, Campus-II, Phulnakhara Bhubaneswar, Odhisha",Odhisha,Odisha,MBBS,Self-Financed Merit Seat,General,49300,344194,321
"Institute of Medical Sciences, BHU, Varansi",Varansi,Uttar Pradesh,MBBS,Open Seat Quota,EWS,1202,2017,15
"Institute of Medical Sciences, BHU, Varansi",Varansi,Uttar Pradesh,MBBS,Open Seat Quota,General,203,1142,64
"Institute of Medical Sciences, BHU, Varansi",Varansi,Uttar Pradesh,MBBS,Open Seat Quota,OBC,1085,1620,36
"Institute of Medical Sciences, BHU, Varansi",Varansi,Uttar Pradesh,MBBS,Open Seat Quota,SC,5040,14522,20
"Institute of Medical Sciences, BHU, Varansi",Varansi,Uttar Pradesh,MBBS,Open Seat Quota,ST,10739,25235,16
"Institute of Postgraduate Medical Education & Research, Kolkata",Kolkata,West Bengal,MBBS,All India,EWS,4590,5671,6
"Institute of Postgraduate Medical Education & Research, Kolkata",Kolkata,West Bengal,MBBS,All India,General,1012,4029,26
"Institute of Postgraduate Medical Education & Research, Kolkata",Kolkata,West Bengal,MBBS,All India,OBC,4233,5208,20
"Institute of Postgraduate Medical Education & Research, Kolkata",Kolkata,West Bengal,MBBS,All India,SC,19200,37365,11
"Institute of Postgraduate Medical Education & Research, Kolkata",Kolkata,West Bengal,MBBS,All India,ST,42425,53054,6
"Instt. Of Medical Sciences & SUM Hospital, Bhubaneswar",Bhubaneswar,Odisha,MBBS,Non-Resident Indian,General,633527,951734,3
"Instt. Of Medical Sciences & SUM Hospital, Bhubaneswar",Bhubaneswar,Odisha,MBBS,Self-Financed Merit Seat,General,62270,366935,372
"J R Medical College and Hospital Villupuram District, Tamilnadu",Tamilnadu,Tamil Nadu,MBBS,Self-Financed Merit Seat,General,138955,1194131,98
JIPMER KARAIKAL,,Puducherry,MBBS,Internal - Puducherry UT Domicile,General,24066,25541,3
JIPMER KARAIKAL,,Puducherry,MBBS,Internal - Puducherry UT Domicile,OBC,35325,45261,5
JIPMER KARAIKAL,,Puducherry,MBBS,Internal - Puducherry UT Domicile,SC,192929,192929,1
JIPMER KARAIKAL,,Puducherry,MBBS,Internal -Puducherry UT Domicile,EWS,383009,383009,1
JIPMER KARAIKAL,,Puducherry,MBBS,Internal -Puducherry UT Domicile,General,24066,25541,3
JIPMER KARAIKAL,,Puducherry,MBBS,Internal -Puducherry UT Domicile,OBC,35325,45261,5
JIPMER KARAIKAL,,Puducherry,MBBS,Internal -Puducherry UT Domicile,SC,178892,192929,2
JIPMER KARAIKAL,,Puducherry,MBBS,Open Seat Quota,EWS,4197,6547,10
JIPMER KARAIKAL,,Puducherry,MBBS,Open Seat Quota,General,1442,4090,33
JIPMER KARAIKAL,,Puducherry,MBBS,Open Seat Quota,OBC,3173,4767,23
JIPMER KARAIKAL,,Puducherry,MBBS,Open Seat Quota,SC,4870,29717,11
JIPMER KARAIKAL,,Puducherry,MBBS,Open Seat Quota,ST,39474,40684,4
JIPMER PUDUCHERRY,,Puducherry,MBBS,Internal -Puducherry UT Domicile,EWS,107365,368071,4
JIPMER PUDUCHERRY,,Puducherry,MBBS,Internal -Puducherry UT Domicile,General,1721,22477,21
JIPMER PUDUCHERRY,,Puducherry,MBBS,Internal -Puducherry UT Domicile,OBC,23870,34729,11
JIPMER PUDUCHERRY,,Puducherry,MBBS,Internal -Puducherry UT Domicile,SC,84736,159608,7
JIPMER PUDUCHERRY,,Puducherry,MBBS,Internal -Puducherry UT Domicile,ST,866952,866952,1
JIPMER PUDUCHERRY,,Puducherry,MBBS,Open Seat Quota,EWS,533,1651,12
JIPMER PUDUCHERRY,,Puducherry,MBBS,Open Seat Quota,General,12,309,56
JIPMER PUDUCHERRY,,Puducherry,MBBS,Open Seat Quota,OBC,316,771,35
JIPMER PUDUCHERRY,,Puducherry,MBBS,Open Seat Quota,SC,905,3910,20
JIPMER PUDUCHERRY,,Puducherry,MBBS,Open Seat Quota,ST,1445,13644,12
"JSS Dental College, Mysuru",Mysuru,Karnataka,BDS,Self-Financed Merit Seat,General,38664,672102,150
"JSS Medical College, Mysore",Mysore,Karnataka,MBBS,Non-Resident Indian,General,243774,949610,25
"JSS Medical College, Mysore",Mysore,Karnataka,MBBS,Self-Financed Merit Seat,General,21625,187715,346
Jagadguru Gangadhar Mahaswamigalu Moorusavirmath Medical College JGMMMC,,Karnataka,MBBS,Self-Financed Merit Seat,General,143749,484567,325
Jalpaiguri Government Medical College,,West Bengal,MBBS,All India,EWS,19751,24986,6
Jalpaiguri Government Medical College,,West Bengal,MBBS,All India,General,12511,21053,16
Jalpaiguri Government Medical College,,West Bengal,MBBS,All India,OBC,17845,22208,10
Jalpaiguri Government Medical College,,West Bengal,MBBS,All India,SC,79386,111427,4
Jalpaiguri Government Medical College,,West Bengal,MBBS,All India,ST,113057,124744,4
"Jannayak Karpoori Thakur Medical College & Hospital, Madhepura, Bihar",Bihar,Bihar,MBBS,All India,EWS,14440,19729,2
"Jannayak Karpoori Thakur Medical College & Hospital, Madhepura, Bihar",Bihar,Bihar,MBBS,All India,General,10331,18347,12
"Jannayak Karpoori Thakur Medical College & Hospital, Madhepura, Bihar",Bihar,Bihar,MBBS,All India,OBC,14844,19697,10
"Jannayak Karpoori Thakur Medical College & Hospital, Madhepura, Bihar",Bihar,Bihar,MBBS,All India,SC,75801,102593,4
"Jannayak Karpoori Thakur Medical College & Hospital, Madhepura, Bihar",Bihar,Bihar,MBBS,All India,ST,112340,113168,2
"Jawaharlal Nehru Institute of Dental Sciences, Imphal",Imphal,Manipur,BDS,All India,EWS,37144,45383,2
"Jawaharlal Nehru Institute of Dental Sciences, Imphal",Imphal,Manipur,BDS,All India,General,29267,41504,6
"Jawaharlal Nehru Institute of Dental Sciences, Imphal",Imphal,Manipur,BDS,All India,OBC,35071,43508,4
"Jawaharlal Nehru Institute of Dental Sciences, Imphal",Imphal,Manipur,BDS,All India,SC,136594,144771,2
"Jawaharlal Nehru Institute of Dental Sciences, Imphal",Imphal,Manipur,BDS,All India,ST,139537,191697,2
"Jawaharlal Nehru Institute of Medical Sciences, Porompet, Imphal",Imphal,Manipur,MBBS,All India,EWS,24277,27655,4
"Jawaharlal Nehru Institute of Medical Sciences, Porompet, Imphal",Imphal,Manipur,MBBS,All India,General,15396,23403,18
"Jawaharlal Nehru Institute of Medical Sciences, Porompet, Imphal",Imphal,Manipur,MBBS,All India,OBC,19901,24569,10
"Jawaharlal Nehru Institute of Medical Sciences, Porompet, Imphal",Imphal,Manipur,MBBS,All India,SC,71497,99474,5
"Jawaharlal Nehru Institute of Medical Sciences, Porompet, Imphal",Imphal,Manipur,MBBS,All India,ST,99206,123731,4
"Jawaharlal Nehru Medical College, Ajmer",Ajmer,Rajasthan,MBBS,All India,EWS,5422,8594,6
"Jawaharlal Nehru Medical College, Ajmer",Ajmer,Rajasthan,MBBS,All India,General,3965,6548,30
"Jawaharlal Nehru Medical College, Ajmer",Ajmer,Rajasthan,MBBS,All India,OBC,4546,7044,18
"Jawaharlal Nehru Medical College, Ajmer",Ajmer,Rajasthan,MBBS,All India,SC,22752,41809,12
"Jawaharlal Nehru Medical College, Ajmer",Ajmer,Rajasthan,MBBS,All India,ST,37560,47890,6
"Jawaharlal Nehru Medical College, Aligarh",Aligarh,Uttar Pradesh,MBBS,Aligarh Muslim University (AMU) Quota,General,4575,19703,73
"Jawaharlal Nehru Medical College, Aligarh",Aligarh,Uttar Pradesh,MBBS,Non-Resident Indian(AMU) Quota,General,68466,110281,2
"Jawaharlal Nehru Medical College, Aligarh",Aligarh,Uttar Pradesh,MBBS,Non-Resident Indian(AMU)Quota,General,46500,110281,5
"Jawaharlal Nehru Medical College, Aligarh",Aligarh,Uttar Pradesh,MBBS,Open Seat Quota,General,1261,4834,110
"Jawaharlal Nehru Medical College, Belgaum",Belgaum,Karnataka,MBBS,Non-Resident Indian,General,301255,916227,16
"Jawaharlal Nehru Medical College, Belgaum",Belgaum,Karnataka,MBBS,Self-Financed Merit Seat,General,26904,203613,352
"Jawaharlal Nehru Medical College, Bhagalpur",Bhagalpur,Bihar,MBBS,All India,EWS,11183,15797,5
"Jawaharlal Nehru Medical College, Bhagalpur",Bhagalpur,Bihar,MBBS,All India,General,9145,14105,16
"Jawaharlal Nehru Medical College, Bhagalpur",Bhagalpur,Bihar,MBBS,All India,OBC,10483,15238,12
"Jawaharlal Nehru Medical College, Bhagalpur",Bhagalpur,Bihar,MBBS,All India,SC,48716,90428,6
"Jawaharlal Nehru Medical College, Bhagalpur",Bhagalpur,Bihar,MBBS,All India,ST,87140,93345,2
"Jawaharlal Nehru Medical College, Sawangi (Meghe), Wardha",Wardha,Maharashtra,MBBS,Self-Financed Merit Seat,General,129412,717407,373
"Jhalawar Medical College, Jhalawar",Jhalawar,Rajasthan,MBBS,All India,EWS,7207,10787,6
"Jhalawar Medical College, Jhalawar",Jhalawar,Rajasthan,MBBS,All India,General,5328,9269,22
"Jhalawar Medical College, Jhalawar",Jhalawar,Rajasthan,MBBS,All India,OBC,6904,9569,18
"Jhalawar Medical College, Jhalawar",Jhalawar,Rajasthan,MBBS,All India,SC,35631,57544,8
"Jhalawar Medical College, Jhalawar",Jhalawar,Rajasthan,MBBS,All India,ST,41194,64521,4
"Jhargram Government Medical College & Hospital, Jhargram",Jhargram,West Bengal,MBBS,All India,EWS,22475,25625,4
"Jhargram Government Medical College & Hospital, Jhargram",Jhargram,West Bengal,MBBS,All India,General,10426,23435,19
"Jhargram Government Medical College & Hospital, Jhargram",Jhargram,West Bengal,MBBS,All India,OBC,20149,23705,12
"Jhargram Government Medical College & Hospital, Jhargram",Jhargram,West Bengal,MBBS,All India,SC,100105,119093,8
"Jhargram Government Medical College & Hospital, Jhargram",Jhargram,West Bengal,MBBS,All India,ST,119021,119021,2
"Jorhat Medical College & Hospital , Jorhat",Jorhat,Assam,MBBS,All India,EWS,22647,22801,4
"Jorhat Medical College & Hospital , Jorhat",Jorhat,Assam,MBBS,All India,General,13033,22719,14
"Jorhat Medical College & Hospital , Jorhat",Jorhat,Assam,MBBS,All India,OBC,18263,23467,7
"Jorhat Medical College & Hospital , Jorhat",Jorhat,Assam,MBBS,All India,SC,77477,110828,6
"Jorhat Medical College & Hospital , Jorhat",Jorhat,Assam,MBBS,All India,ST,77281,109573,2
"K A P Viswanathan Government Medical College, Trichy",Trichy,Tamil Nadu,MBBS,All India,EWS,20395,26345,6
"K A P Viswanathan Government Medical College, Trichy",Trichy,Tamil Nadu,MBBS,All India,General,5107,15685,20
"K A P Viswanathan Government Medical College, Trichy",Trichy,Tamil Nadu,MBBS,All India,OBC,6350,16064,10
"K A P Viswanathan Government Medical College, Trichy",Trichy,Tamil Nadu,MBBS,All India,SC,36116,73371,4
"K A P Viswanathan Government Medical College, Trichy",Trichy,Tamil Nadu,MBBS,All India,ST,116307,119985,2
"K M Shah Dental Collegel, SumanDeep Vidyapeeth Vadodara",SumanDeep Vidyapeeth Vadodara,Gujarat,BDS,Jain Minority Quota,General,236723,899447,35
"K M Shah Dental Collegel, SumanDeep Vidyapeeth Vadodara",SumanDeep Vidyapeeth Vadodara,Gujarat,BDS,Self-Financed Merit Seat,General,122691,725992,91
"K S Hegde Medical Academy, Mangalore",Mangalore,Karnataka,MBBS,Non-Resident Indian,General,223040,994983,53
"K S Hegde Medical Academy, Mangalore",Mangalore,Karnataka,MBBS,Self-Financed Merit Seat,General,59901,200214,324
"K.H. Patil Institute of Medical Sciences (previously Gadag Institute of Medical Sciences, Mallasamudra, Mulgund Road, Gadag)",Gadag),Karnataka,MBBS,All India,EWS,21820,26824,6
"K.H. Patil Institute of Medical Sciences (previously Gadag Institute of Medical Sciences, Mallasamudra, Mulgund Road, Gadag)",Gadag),Karnataka,MBBS,All India,General,13860,21792,18
"K.H. Patil Institute of Medical Sciences (previously Gadag Institute of Medical Sciences, Mallasamudra, Mulgund Road, Gadag)",Gadag),Karnataka,MBBS,All India,OBC,17453,22536,18
"K.H. Patil Institute of Medical Sciences (previously Gadag Institute of Medical Sciences, Mallasamudra, Mulgund Road, Gadag)",Gadag),Karnataka,MBBS,All India,SC,69746,105856,10
"K.H. Patil Institute of Medical Sciences (previously Gadag Institute of Medical Sciences, Mallasamudra, Mulgund Road, Gadag)",Gadag),Karnataka,MBBS,All India,ST,92618,113038,5
KLE VK Inst. of Dental Scie. Belagavi,,Karnataka,BDS,Non-Resident Indian,General,936393,936393,1
KLE VK Inst. of Dental Scie. Belagavi,,Karnataka,BDS,Self-Financed Merit Seat,General,145361,708221,137
"Kakatiya Medical College, Warangal",Warangal,Telangana,MBBS,All India,EWS,9960,17476,5
"Kakatiya Medical College, Warangal",Warangal,Telangana,MBBS,All India,General,5254,16004,24
"Kakatiya Medical College, Warangal",Warangal,Telangana,MBBS,All India,OBC,10111,16664,16
"Kakatiya Medical College, Warangal",Warangal,Telangana,MBBS,All India,SC,36902,70147,10
"Kakatiya Medical College, Warangal",Warangal,Telangana,MBBS,All India,ST,47215,55742,4
"Kalinga Institute of Dental Sciences, Bhubaneswar",Bhubaneswar,Odisha,BDS,Self-Financed Merit Seat,General,80439,873307,143
"Kalinga Institute of Medical Sciences, Bhubaneswar",Bhubaneswar,Odisha,MBBS,Non-Resident Indian,General,525873,940368,14
"Kalinga Institute of Medical Sciences, Bhubaneswar",Bhubaneswar,Odisha,MBBS,Self-Financed Merit Seat,General,42891,276780,316
"Kalpana Chawala Govt. Medical College, Karnal, Haryana",Haryana,Haryana,MBBS,All India,EWS,6627,12291,4
"Kalpana Chawala Govt. Medical College, Karnal, Haryana",Haryana,Haryana,MBBS,All India,General,4360,5274,10
"Kalpana Chawala Govt. Medical College, Karnal, Haryana",Haryana,Haryana,MBBS,All India,OBC,5606,9824,10
"Kalpana Chawala Govt. Medical College, Karnal, Haryana",Haryana,Haryana,MBBS,All India,SC,35504,53507,6
"Kalpana Chawala Govt. Medical College, Karnal, Haryana",Haryana,Haryana,MBBS,All India,ST,70980,88317,2
Kalyan Singh Government Medical College,,Uttar Pradesh,MBBS,All India,EWS,14013,14344,2
Kalyan Singh Government Medical College,,Uttar Pradesh,MBBS,All India,General,8717,12522,8
Kalyan Singh Government Medical College,,Uttar Pradesh,MBBS,All India,OBC,9953,14434,8
Kalyan Singh Government Medical College,,Uttar Pradesh,MBBS,All India,SC,67784,67784,2
Kalyan Singh Government Medical College,,Uttar Pradesh,MBBS,All India,ST,82640,82640,2
"KanyaKumari Government Medical College, Asaripallam",Asaripallam,Tamil Nadu,MBBS,All India,EWS,21619,28114,4
"KanyaKumari Government Medical College, Asaripallam",Asaripallam,Tamil Nadu,MBBS,All India,General,6040,16462,16
"KanyaKumari Government Medical College, Asaripallam",Asaripallam,Tamil Nadu,MBBS,All India,OBC,8790,17005,12
"KanyaKumari Government Medical College, Asaripallam",Asaripallam,Tamil Nadu,MBBS,All India,SC,50230,107213,6
"KanyaKumari Government Medical College, Asaripallam",Asaripallam,Tamil Nadu,MBBS,All India,ST,114961,126658,4
"Karnataka Medical College & Research Institute, Hubballi",Hubballi,Karnataka,MBBS,All India,EWS,7908,16284,6
"Karnataka Medical College & Research Institute, Hubballi",Hubballi,Karnataka,MBBS,All India,General,3282,11401,28
"Karnataka Medical College & Research Institute, Hubballi",Hubballi,Karnataka,MBBS,All India,OBC,6329,13207,18
"Karnataka Medical College & Research Institute, Hubballi",Hubballi,Karnataka,MBBS,All India,SC,26149,52156,9
"Karnataka Medical College & Research Institute, Hubballi",Hubballi,Karnataka,MBBS,All India,ST,52991,54034,3
"Karwar Institute of Medical Sciences, Karwar",Karwar,Karnataka,MBBS,All India,EWS,21675,25022,6
"Karwar Institute of Medical Sciences, Karwar",Karwar,Karnataka,MBBS,All India,General,14351,21440,24
"Karwar Institute of Medical Sciences, Karwar",Karwar,Karnataka,MBBS,All India,OBC,17427,22142,16
"Karwar Institute of Medical Sciences, Karwar",Karwar,Karnataka,MBBS,All India,SC,85441,100917,8
"Karwar Institute of Medical Sciences, Karwar",Karwar,Karnataka,MBBS,All India,ST,91149,113617,5
"Kasturba Medical College, Mangalore",Mangalore,Karnataka,MBBS,Non-Resident Indian,General,99454,647280,53
"Kasturba Medical College, Mangalore",Mangalore,Karnataka,MBBS,Self-Financed Merit Seat,General,4778,60163,285
"Kasturba Medical College, Manipal",Manipal,Karnataka,MBBS,Non-Resident Indian,General,59464,598830,48
"Kasturba Medical College, Manipal",Manipal,Karnataka,MBBS,Self-Financed Merit Seat,General,267,43819,313
"Kilpauk Medical College, Chennai",Chennai,Tamil Nadu,MBBS,All India,EWS,9920,14040,3
"Kilpauk Medical College, Chennai",Chennai,Tamil Nadu,MBBS,All India,General,1199,6115,16
"Kilpauk Medical College, Chennai",Chennai,Tamil Nadu,MBBS,All India,OBC,1971,6754,12
"Kilpauk Medical College, Chennai",Chennai,Tamil Nadu,MBBS,All India,SC,6464,37765,8
"Kilpauk Medical College, Chennai",Chennai,Tamil Nadu,MBBS,All India,ST,56504,87920,3
"King George Medical University, Lucknow",Lucknow,Uttar Pradesh,MBBS,All India,EWS,2187,2507,6
"King George Medical University, Lucknow",Lucknow,Uttar Pradesh,MBBS,All India,General,308,1687,31
"King George Medical University, Lucknow",Lucknow,Uttar Pradesh,MBBS,All India,OBC,1545,2169,17
"King George Medical University, Lucknow",Lucknow,Uttar Pradesh,MBBS,All India,SC,14642,18185,10
"King George Medical University, Lucknow",Lucknow,Uttar Pradesh,MBBS,All India,ST,14777,24606,3
"Kodagu Institute of Medical Sciences, Kodagu",Kodagu,Karnataka,MBBS,All India,EWS,23872,25882,4
"Kodagu Institute of Medical Sciences, Kodagu",Kodagu,Karnataka,MBBS,All India,General,11097,20645,18
"Kodagu Institute of Medical Sciences, Kodagu",Kodagu,Karnataka,MBBS,All India,OBC,13582,21538,10
"Kodagu Institute of Medical Sciences, Kodagu",Kodagu,Karnataka,MBBS,All India,SC,74470,106699,6
"Kodagu Institute of Medical Sciences, Kodagu",Kodagu,Karnataka,MBBS,All India,ST,91149,103065,2
Kokrajhar Medical College,,Assam,MBBS,All India,EWS,25203,27313,2
Kokrajhar Medical College,,Assam,MBBS,All India,General,20581,25449,12
Kokrajhar Medical College,,Assam,MBBS,All India,OBC,22586,25571,8
Kokrajhar Medical College,,Assam,MBBS,All India,SC,103660,118025,6
Kokrajhar Medical College,,Assam,MBBS,All India,ST,117339,117339,2
"Koppal Institute of Medical Sciences, Koppal",Koppal,Karnataka,MBBS,All India,EWS,23931,26489,6
"Koppal Institute of Medical Sciences, Koppal",Koppal,Karnataka,MBBS,All India,General,14317,22149,22
"Koppal Institute of Medical Sciences, Koppal",Koppal,Karnataka,MBBS,All India,OBC,18313,23020,16
"Koppal Institute of Medical Sciences, Koppal",Koppal,Karnataka,MBBS,All India,SC,90246,109819,10
"Koppal Institute of Medical Sciences, Koppal",Koppal,Karnataka,MBBS,All India,ST,86116,119367,6
"Krishna Institute of Medical Sciences, Karad",Karad,Maharashtra,MBBS,Non-Resident Indian,General,800909,964531,5
"Krishna Institute of Medical Sciences, Karad",Karad,Maharashtra,MBBS,Self-Financed Merit Seat,General,97126,579307,345
"Kurnool Medical College, Kurnool",Kurnool,Andhra Pradesh,MBBS,All India,EWS,10166,21466,8
"Kurnool Medical College, Kurnool",Kurnool,Andhra Pradesh,MBBS,All India,General,4189,15641,28
"Kurnool Medical College, Kurnool",Kurnool,Andhra Pradesh,MBBS,All India,OBC,8701,18084,17
"Kurnool Medical College, Kurnool",Kurnool,Andhra Pradesh,MBBS,All India,SC,25516,51273,7
"Kurnool Medical College, Kurnool",Kurnool,Andhra Pradesh,MBBS,All India,ST,46474,46474,2
"LLRM Medical College, Meerut",Meerut,Uttar Pradesh,MBBS,All India,EWS,5399,7447,4
"LLRM Medical College, Meerut",Meerut,Uttar Pradesh,MBBS,All India,General,3182,5797,14
"LLRM Medical College, Meerut",Meerut,Uttar Pradesh,MBBS,All India,OBC,5802,7753,12
"LLRM Medical College, Meerut",Meerut,Uttar Pradesh,MBBS,All India,SC,31387,58203,8
"LLRM Medical College, Meerut",Meerut,Uttar Pradesh,MBBS,All India,ST,41125,60461,4
"Lady Hardinge Medical College, New Delhi",New Delhi,Delhi,MBBS,All India,EWS,1010,2021,3
"Lady Hardinge Medical College, New Delhi",New Delhi,Delhi,MBBS,All India,General,251,971,21
"Lady Hardinge Medical College, New Delhi",New Delhi,Delhi,MBBS,All India,OBC,1065,1776,16
"Lady Hardinge Medical College, New Delhi",New Delhi,Delhi,MBBS,All India,SC,4556,16744,9
"Lady Hardinge Medical College, New Delhi",New Delhi,Delhi,MBBS,All India,ST,8153,16208,4
"Lady Hardinge Medical College, New Delhi",New Delhi,Delhi,MBBS,Delhi NCR Children/Widows of Personnel of the Armed Forces (CW) DU Quota,EWS,599161,599161,1
"Lady Hardinge Medical College, New Delhi",New Delhi,Delhi,MBBS,Delhi NCR Children/Widows of Personnel of the Armed Forces (CW) DU Quota,General,107039,298486,4
"Lady Hardinge Medical College, New Delhi",New Delhi,Delhi,MBBS,Delhi NCR Children/Widows of Personnel of the Armed Forces (CW) DU Quota,OBC,18134,600654,3
"Lady Hardinge Medical College, New Delhi",New Delhi,Delhi,MBBS,Delhi NCR Children/Widows of Personnel of the Armed Forces (CW) DU Quota,SC,213242,213242,1
"Lady Hardinge Medical College, New Delhi",New Delhi,Delhi,MBBS,Delhi NCR Children/Widows of Personnel of the Armed Forces (CW) DU Quota,ST,907787,907787,1
"Lady Hardinge Medical College, New Delhi",New Delhi,Delhi,MBBS,Delhi University Quota,EWS,8595,14880,19
"Lady Hardinge Medical College, New Delhi",New Delhi,Delhi,MBBS,Delhi University Quota,General,3164,7403,100
"Lady Hardinge Medical College, New Delhi",New Delhi,Delhi,MBBS,Delhi University Quota,OBC,8411,14954,58
"Lady Hardinge Medical College, New Delhi",New Delhi,Delhi,MBBS,Delhi University Quota,SC,47799,75166,35
"Lady Hardinge Medical College, New Delhi",New Delhi,Delhi,MBBS,Delhi University Quota,ST,86925,123564,17
Lakhimpur Medical College,,Assam,MBBS,All India,EWS,18771,24490,2
Lakhimpur Medical College,,Assam,MBBS,All India,General,16757,21353,10
Lakhimpur Medical College,,Assam,MBBS,All India,OBC,17590,22201,8
Lakhimpur Medical College,,Assam,MBBS,All India,SC,85083,105521,4
Lakhimpur Medical College,,Assam,MBBS,All India,ST,79710,114905,4
"Late Shri Baliram Kashyap Memorial NDMC Govt. Medical College, Jagdalpur",Jagdalpur,Chhattisgarh,MBBS,All India,EWS,16322,22918,4
"Late Shri Baliram Kashyap Memorial NDMC Govt. Medical College, Jagdalpur",Jagdalpur,Chhattisgarh,MBBS,All India,General,8103,17697,16
"Late Shri Baliram Kashyap Memorial NDMC Govt. Medical College, Jagdalpur",Jagdalpur,Chhattisgarh,MBBS,All India,OBC,12789,19118,12
"Late Shri Baliram Kashyap Memorial NDMC Govt. Medical College, Jagdalpur",Jagdalpur,Chhattisgarh,MBBS,All India,SC,35540,86467,8
"Late Shri Baliram Kashyap Memorial NDMC Govt. Medical College, Jagdalpur",Jagdalpur,Chhattisgarh,MBBS,All India,ST,103757,110060,4
"Late Shri Lakhi Ram Agrawal Memorial Govt. Medical College, Raigarh",Raigarh,Chhattisgarh,MBBS,All India,EWS,15777,16252,3
"Late Shri Lakhi Ram Agrawal Memorial Govt. Medical College, Raigarh",Raigarh,Chhattisgarh,MBBS,All India,General,8629,17147,12
"Late Shri Lakhi Ram Agrawal Memorial Govt. Medical College, Raigarh",Raigarh,Chhattisgarh,MBBS,All India,OBC,14364,17831,8
"Late Shri Lakhi Ram Agrawal Memorial Govt. Medical College, Raigarh",Raigarh,Chhattisgarh,MBBS,All India,SC,84135,98071,4
"Late Shri Lakhi Ram Agrawal Memorial Govt. Medical College, Raigarh",Raigarh,Chhattisgarh,MBBS,All India,ST,104848,105291,2
"Lokmanya Tilak Municipal Medical College, Sion, Mumbai",Mumbai,Maharashtra,MBBS,All India,EWS,5209,11049,6
"Lokmanya Tilak Municipal Medical College, Sion, Mumbai",Mumbai,Maharashtra,MBBS,All India,General,1687,4204,21
"Lokmanya Tilak Municipal Medical College, Sion, Mumbai",Mumbai,Maharashtra,MBBS,All India,OBC,4439,6987,16
"Lokmanya Tilak Municipal Medical College, Sion, Mumbai",Mumbai,Maharashtra,MBBS,All India,SC,31403,42561,9
"Lokmanya Tilak Municipal Medical College, Sion, Mumbai",Mumbai,Maharashtra,MBBS,All India,ST,53818,74524,6
"M G M Medical College, Indore",Indore,Madhya Pradesh,MBBS,All India,EWS,4390,7432,7
"M G M Medical College, Indore",Indore,Madhya Pradesh,MBBS,All India,General,1112,5316,28
"M G M Medical College, Indore",Indore,Madhya Pradesh,MBBS,All India,OBC,4680,7388,18
"M G M Medical College, Indore",Indore,Madhya Pradesh,MBBS,All India,SC,24498,38455,8
"M G M Medical College, Indore",Indore,Madhya Pradesh,MBBS,All India,ST,41151,53356,4
"M G M Medical College, Jamshedpur",Jamshedpur,Jharkhand,MBBS,All India,EWS,8294,13226,4
"M G M Medical College, Jamshedpur",Jamshedpur,Jharkhand,MBBS,All India,General,6742,10855,16
"M G M Medical College, Jamshedpur",Jamshedpur,Jharkhand,MBBS,All India,OBC,8627,12696,12
"M G M Medical College, Jamshedpur",Jamshedpur,Jharkhand,MBBS,All India,SC,57148,82067,6
"M G M Medical College, Jamshedpur",Jamshedpur,Jharkhand,MBBS,All India,ST,59397,77805,2
"M.G.D.C. & HOSPITAL, PUDUCHERRY",PUDUCHERRY,Puducherry,BDS,All India,EWS,45383,49601,4
"M.G.D.C. & HOSPITAL, PUDUCHERRY",PUDUCHERRY,Puducherry,BDS,All India,General,28536,42326,14
"M.G.D.C. & HOSPITAL, PUDUCHERRY",PUDUCHERRY,Puducherry,BDS,All India,OBC,37607,46002,10
"M.G.D.C. & HOSPITAL, PUDUCHERRY",PUDUCHERRY,Puducherry,BDS,All India,SC,121770,158178,6
"M.G.D.C. & HOSPITAL, PUDUCHERRY",PUDUCHERRY,Puducherry,BDS,All India,ST,177533,177533,2
MANAV RACHNA DENTAL COLLEGE FARIDABAD,,Haryana,BDS,Self-Financed Merit Seat,General,70460,774460,139
"MEDICAL COLLEGE, KOLKATA",KOLKATA,West Bengal,MBBS,All India,EWS,4289,6071,8
"MEDICAL COLLEGE, KOLKATA",KOLKATA,West Bengal,MBBS,All India,General,417,3248,25
"MEDICAL COLLEGE, KOLKATA",KOLKATA,West Bengal,MBBS,All India,OBC,3387,4989,16
"MEDICAL COLLEGE, KOLKATA",KOLKATA,West Bengal,MBBS,All India,SC,12572,26178,5
"MEDICAL COLLEGE, KOLKATA",KOLKATA,West Bengal,MBBS,All India,ST,42507,51123,6
"MKCG Medical College, Berhampur",Berhampur,Odisha,MBBS,All India,EWS,5846,9614,6
"MKCG Medical College, Berhampur",Berhampur,Odisha,MBBS,All India,General,3181,8389,28
"MKCG Medical College, Berhampur",Berhampur,Odisha,MBBS,All India,OBC,4941,9533,19
"MKCG Medical College, Berhampur",Berhampur,Odisha,MBBS,All India,SC,29896,68658,10
"MKCG Medical College, Berhampur",Berhampur,Odisha,MBBS,All India,ST,62121,112712,6
"MM College of Dental Scie. and Res., Mullana",Mullana,Haryana,BDS,Self-Financed Merit Seat,General,98437,786814,134
"MP Shah Medical College, Jamnagar",Jamnagar,Gujarat,MBBS,All India,EWS,6481,11112,6
"MP Shah Medical College, Jamnagar",Jamnagar,Gujarat,MBBS,All India,General,1073,8289,26
"MP Shah Medical College, Jamnagar",Jamnagar,Gujarat,MBBS,All India,OBC,6328,8477,20
"MP Shah Medical College, Jamnagar",Jamnagar,Gujarat,MBBS,All India,SC,30936,62928,12
"MP Shah Medical College, Jamnagar",Jamnagar,Gujarat,MBBS,All India,ST,61807,71847,6
"Madras Medical College, Chennai",Chennai,Tamil Nadu,MBBS,All India,EWS,3373,4705,5
"Madras Medical College, Chennai",Chennai,Tamil Nadu,MBBS,All India,General,325,1426,25
"Madras Medical College, Chennai",Chennai,Tamil Nadu,MBBS,All India,OBC,777,2165,17
"Madras Medical College, Chennai",Chennai,Tamil Nadu,MBBS,All India,SC,2348,4398,5
"Madras Medical College, Chennai",Chennai,Tamil Nadu,MBBS,All India,ST,15914,24304,3
"Madurai Medical College, Madurai",Madurai,Tamil Nadu,MBBS,All India,EWS,11128,21972,8
"Madurai Medical College, Madurai",Madurai,Tamil Nadu,MBBS,All India,General,816,10910,27
"Madurai Medical College, Madurai",Madurai,Tamil Nadu,MBBS,All India,OBC,2916,12001,20
"Madurai Medical College, Madurai",Madurai,Tamil Nadu,MBBS,All India,SC,9298,57510,12
"Madurai Medical College, Madurai",Madurai,Tamil Nadu,MBBS,All India,ST,81836,109582,5
"Mahamaya Rajkiya Allopathic Medical College, Ambedkarnagar",Ambedkarnagar,Uttar Pradesh,MBBS,All India,EWS,12224,14130,4
"Mahamaya Rajkiya Allopathic Medical College, Ambedkarnagar",Ambedkarnagar,Uttar Pradesh,MBBS,All India,General,9334,13063,12
"Mahamaya Rajkiya Allopathic Medical College, Ambedkarnagar",Ambedkarnagar,Uttar Pradesh,MBBS,All India,OBC,10439,13554,8
"Mahamaya Rajkiya Allopathic Medical College, Ambedkarnagar",Ambedkarnagar,Uttar Pradesh,MBBS,All India,SC,59780,78418,4
"Mahamaya Rajkiya Allopathic Medical College, Ambedkarnagar",Ambedkarnagar,Uttar Pradesh,MBBS,All India,ST,83919,87418,2
"Maharani Laxmi Bai Medical College, Jhansi",Jhansi,Uttar Pradesh,MBBS,All India,EWS,7794,10818,6
"Maharani Laxmi Bai Medical College, Jhansi",Jhansi,Uttar Pradesh,MBBS,All India,General,5622,9282,14
"Maharani Laxmi Bai Medical College, Jhansi",Jhansi,Uttar Pradesh,MBBS,All India,OBC,7366,9719,10
"Maharani Laxmi Bai Medical College, Jhansi",Jhansi,Uttar Pradesh,MBBS,All India,SC,32782,64331,8
"Maharani Laxmi Bai Medical College, Jhansi",Jhansi,Uttar Pradesh,MBBS,All India,ST,66555,68321,4
"Maharishi Chyawan Medical College, Koriawas",Koriawas,Rajasthan,MBBS,All India,EWS,15330,19660,2
"Maharishi Chyawan Medical College, Koriawas",Koriawas,Rajasthan,MBBS,All India,General,10233,17467,13
"Maharishi Chyawan Medical College, Koriawas",Koriawas,Rajasthan,MBBS,All India,OBC,14019,17757,6
"Maharishi Chyawan Medical College, Koriawas",Koriawas,Rajasthan,MBBS,All India,SC,71801,86633,4
"Maharishi Chyawan Medical College, Koriawas",Koriawas,Rajasthan,MBBS,All India,ST,99211,99211,2
"Maharishi Markandeshwar Institute Of Medical Sciences & Research, Mullana, Ambala",Ambala,Haryana,MBBS,Self-Financed Merit Seat,General,64417,426378,361
"Maharshi Devraha Baba Autonomous State Medical College, Deoria",Deoria,Uttar Pradesh,MBBS,All India,EWS,13771,17215,2
"Maharshi Devraha Baba Autonomous State Medical College, Deoria",Deoria,Uttar Pradesh,MBBS,All India,General,10955,16585,14
"Maharshi Devraha Baba Autonomous State Medical College, Deoria",Deoria,Uttar Pradesh,MBBS,All India,OBC,14781,17152,8
"Maharshi Devraha Baba Autonomous State Medical College, Deoria",Deoria,Uttar Pradesh,MBBS,All India,SC,70943,86929,4
"Maharshi Devraha Baba Autonomous State Medical College, Deoria",Deoria,Uttar Pradesh,MBBS,All India,ST,103675,104628,2
"Mahatma Gandhi Institute of Medical Sciences, Sevagram, Wardha",Wardha,Maharashtra,MBBS,All India,EWS,14127,20177,8
"Mahatma Gandhi Institute of Medical Sciences, Sevagram, Wardha",Wardha,Maharashtra,MBBS,All India,General,5533,13719,36
"Mahatma Gandhi Institute of Medical Sciences, Sevagram, Wardha",Wardha,Maharashtra,MBBS,All India,OBC,12820,18256,22
"Mahatma Gandhi Institute of Medical Sciences, Sevagram, Wardha",Wardha,Maharashtra,MBBS,All India,SC,52880,98293,14
"Mahatma Gandhi Institute of Medical Sciences, Sevagram, Wardha",Wardha,Maharashtra,MBBS,All India,ST,86836,121752,6
"Mahatma Gandhi Medical College & Research Institute, Pondicherry",Pondicherry,Puducherry,MBBS,Non-Resident Indian,General,820498,820498,1
"Mahatma Gandhi Medical College & Research Institute, Pondicherry",Pondicherry,Puducherry,MBBS,Self-Financed Merit Seat,General,105794,1186813,421
"Mahatma Gandhi Mission Medical College, Vashi",Vashi,Maharashtra,MBBS,Non-Resident Indian,General,560898,983207,14
"Mahatma Gandhi Mission Medical College, Vashi",Vashi,Maharashtra,MBBS,Self-Financed Merit Seat,General,98786,307390,147
"Mahatma Gandhi Missions Medical College, Aurangabad",Aurangabad,Maharashtra,MBBS,Non-Resident Indian,General,394802,955428,18
"Mahatma Gandhi Missions Medical College, Aurangabad",Aurangabad,Maharashtra,MBBS,Self-Financed Merit Seat,General,86742,341480,363
"Mahatma Gandhi Missions Medical College, Navi Mumbai",Navi Mumbai,Maharashtra,MBBS,Non-Resident Indian,General,358861,948744,45
"Mahatma Gandhi Missions Medical College, Navi Mumbai",Navi Mumbai,Maharashtra,MBBS,Self-Financed Merit Seat,General,31961,243680,349
"Mahatma Gandhi Missions Medical College, Nerul, Navi Mumbai",Navi Mumbai,Maharashtra,MBBS,Non-Resident Indian,General,742300,742300,1
"Mahatma Gandhi Missions Medical College, Nerul, Navi Mumbai",Navi Mumbai,Maharashtra,MBBS,Self-Financed Merit Seat,General,53979,377222,84
"Mahatma Gandhi Missions Medical College, Panvel",Panvel,Maharashtra,MBBS,Self-Financed Merit Seat,General,143673,476251,155
Mahatma Vidur Autonomous State Medical College,,Uttar Pradesh,MBBS,All India,EWS,16083,17323,2
Mahatma Vidur Autonomous State Medical College,,Uttar Pradesh,MBBS,All India,General,12417,16953,14
Mahatma Vidur Autonomous State Medical College,,Uttar Pradesh,MBBS,All India,OBC,14451,18072,8
Mahatma Vidur Autonomous State Medical College,,Uttar Pradesh,MBBS,All India,SC,73278,81276,4
Mahatma Vidur Autonomous State Medical College,,Uttar Pradesh,MBBS,All India,ST,103777,106157,2
"Mahraja Jajati Keshari Medical College (previously Government Medical College and Hospital, Jajpur Odhisha)",Jajpur Odhisha),Odisha,MBBS,All India,EWS,19517,19517,2
"Mahraja Jajati Keshari Medical College (previously Government Medical College and Hospital, Jajpur Odhisha)",Jajpur Odhisha),Odisha,MBBS,All India,General,8806,21491,6
"Mahraja Jajati Keshari Medical College (previously Government Medical College and Hospital, Jajpur Odhisha)",Jajpur Odhisha),Odisha,MBBS,All India,OBC,13131,22386,4
"Mahraja Jajati Keshari Medical College (previously Government Medical College and Hospital, Jajpur Odhisha)",Jajpur Odhisha),Odisha,MBBS,All India,SC,62642,101566,2
"Malda Medical College & Hospital, Malda",Malda,West Bengal,MBBS,All India,EWS,15797,21209,4
"Malda Medical College & Hospital, Malda",Malda,West Bengal,MBBS,All India,General,11737,18876,16
"Malda Medical College & Hospital, Malda",Malda,West Bengal,MBBS,All India,OBC,16665,20528,14
"Malda Medical College & Hospital, Malda",Malda,West Bengal,MBBS,All India,SC,87351,109916,6
"Malda Medical College & Hospital, Malda",Malda,West Bengal,MBBS,All India,ST,105253,117779,4
"Malla Reddy Dental College For Women, Hyderabad",Hyderabad,Telangana,BDS,Self-Financed Merit Seat,General,197336,981138,144
"Malla Reddy Institute of Dental Sciences, Hyderabad",Hyderabad,Telangana,BDS,Self-Financed Merit Seat,General,329827,912423,141
"Malla Reddy Institute of Medical Sciences, Hyderabad",Hyderabad,Telangana,MBBS,Non-Resident Indian,General,669778,962370,6
"Malla Reddy Institute of Medical Sciences, Hyderabad",Hyderabad,Telangana,MBBS,Self-Financed Merit Seat,General,91886,477007,367
"Mallareddy Medical College for Women, Hyderabad",Hyderabad,Telangana,MBBS,Non-Resident Indian,General,810932,837316,3
"Mallareddy Medical College for Women, Hyderabad",Hyderabad,Telangana,MBBS,Self-Financed Merit Seat,General,114620,570969,386
"Mandya Institute of Medical Sciences, Mandya",Mandya,Karnataka,MBBS,All India,EWS,9727,18823,6
"Mandya Institute of Medical Sciences, Mandya",Mandya,Karnataka,MBBS,All India,General,5147,15956,24
"Mandya Institute of Medical Sciences, Mandya",Mandya,Karnataka,MBBS,All India,OBC,9231,18384,16
"Mandya Institute of Medical Sciences, Mandya",Mandya,Karnataka,MBBS,All India,SC,35144,65628,6
"Mandya Institute of Medical Sciences, Mandya",Mandya,Karnataka,MBBS,All India,ST,66131,66131,2
"Manipal College of Dental Sce., Manipal",Manipal,Karnataka,BDS,Self-Financed Merit Seat,General,37215,262359,138
"Manipal College of Dental Science, Mangalore",Mangalore,Karnataka,BDS,Self-Financed Merit Seat,General,79666,325771,156
Manipal Tata Medical College,,Jharkhand,MBBS,Non-Resident Indian,General,430140,978771,5
Manipal Tata Medical College,,Jharkhand,MBBS,Self-Financed Merit Seat,General,37941,91820,327
"Maulana Azad Institute of Dental Sciences, New Delhi",New Delhi,Delhi,BDS,All India,EWS,26459,31375,2
"Maulana Azad Institute of Dental Sciences, New Delhi",New Delhi,Delhi,BDS,All India,General,152,13852,5
"Maulana Azad Institute of Dental Sciences, New Delhi",New Delhi,Delhi,BDS,All India,OBC,9011,19512,4
"Maulana Azad Institute of Dental Sciences, New Delhi",New Delhi,Delhi,BDS,All India,SC,16988,68348,2
"Maulana Azad Institute of Dental Sciences, New Delhi",New Delhi,Delhi,BDS,All India,ST,64831,72538,2
"Maulana Azad Institute of Dental Sciences, New Delhi",New Delhi,Delhi,BDS,Delhi NCR Children/Wid ows of Personnel of the Armed Forces (CW) DU Quota,OBC,51989,51989,1
"Maulana Azad Institute of Dental Sciences, New Delhi",New Delhi,Delhi,BDS,Delhi NCR Children/Widows of Personnel of the Armed Forces (CW) DU Quota,General,551859,551859,1
"Maulana Azad Institute of Dental Sciences, New Delhi",New Delhi,Delhi,BDS,Delhi NCR Children/Widows of Personnel of the Armed Forces (CW) DU Quota,OBC,51989,51989,1
"Maulana Azad Institute of Dental Sciences, New Delhi",New Delhi,Delhi,BDS,Delhi University Quota,EWS,36429,42316,7
"Maulana Azad Institute of Dental Sciences, New Delhi",New Delhi,Delhi,BDS,Delhi University Quota,General,4170,32123,31
"Maulana Azad Institute of Dental Sciences, New Delhi",New Delhi,Delhi,BDS,Delhi University Quota,OBC,32140,37677,16
"Maulana Azad Institute of Dental Sciences, New Delhi",New Delhi,Delhi,BDS,Delhi University Quota,SC,85575,127981,12
"Maulana Azad Institute of Dental Sciences, New Delhi",New Delhi,Delhi,BDS,Delhi University Quota,ST,161888,205206,6
"Maulana Azad Medical College, New Delhi",New Delhi,Delhi,MBBS,All India,EWS,351,562,6
"Maulana Azad Medical College, New Delhi",New Delhi,Delhi,MBBS,All India,General,60,129,19
"Maulana Azad Medical College, New Delhi",New Delhi,Delhi,MBBS,All India,OBC,233,433,16
"Maulana Azad Medical College, New Delhi",New Delhi,Delhi,MBBS,All India,SC,896,1834,8
"Maulana Azad Medical College, New Delhi",New Delhi,Delhi,MBBS,All India,ST,1417,8532,6
"Maulana Azad Medical College, New Delhi",New Delhi,Delhi,MBBS,Delhi NCR Children/Wid ows of Personnel of the Armed Forces (CW) DU Quota,General,440994,440994,1
"Maulana Azad Medical College, New Delhi",New Delhi,Delhi,MBBS,Delhi NCR Children/Widows of Personnel of the Armed Forces (CW) DU Quota,General,15057,440994,5
"Maulana Azad Medical College, New Delhi",New Delhi,Delhi,MBBS,Delhi NCR Children/Widows of Personnel of the Armed Forces (CW) DU Quota,OBC,463024,939774,3
"Maulana Azad Medical College, New Delhi",New Delhi,Delhi,MBBS,Delhi NCR Children/Widows of Personnel of the Armed Forces (CW) DU Quota,SC,752384,752384,1
"Maulana Azad Medical College, New Delhi",New Delhi,Delhi,MBBS,Delhi NCR Children/Widows of Personnel of the Armed Forces (CW) DU Quota,ST,1056564,1056564,1
"Maulana Azad Medical College, New Delhi",New Delhi,Delhi,MBBS,Delhi University Quota,General,130,2662,107
"Maulana Azad Medical College, New Delhi",New Delhi,Delhi,MBBS,Delhi University Quota,OBC,551,6652,57
"Maulana Azad Medical College, New Delhi",New Delhi,Delhi,MBBS,Delhi University Quota,SC,12367,42256,34
"Maulana Azad Medical College, New Delhi",New Delhi,Delhi,MBBS,Delhi University Quota,ST,7806,70234,17
"Medical College, Baroda",Baroda,Gujarat,MBBS,All India,EWS,5228,8737,8
"Medical College, Baroda",Baroda,Gujarat,MBBS,All India,General,176,5018,26
"Medical College, Baroda",Baroda,Gujarat,MBBS,All India,OBC,3907,6282,18
"Medical College, Baroda",Baroda,Gujarat,MBBS,All India,SC,25268,38696,10
"Medical College, Baroda",Baroda,Gujarat,MBBS,All India,ST,36907,52060,6
"Medical College, Thiruvananthapuram",Thiruvananthapuram,Kerala,MBBS,All India,EWS,6090,15145,7
"Medical College, Thiruvananthapuram",Thiruvananthapuram,Kerala,MBBS,All India,General,1149,6049,22
"Medical College, Thiruvananthapuram",Thiruvananthapuram,Kerala,MBBS,All India,OBC,2234,6902,17
"Medical College, Thiruvananthapuram",Thiruvananthapuram,Kerala,MBBS,All India,SC,25581,63073,8
"Medical College, Thiruvananthapuram",Thiruvananthapuram,Kerala,MBBS,All India,ST,53397,74362,6
"Meenakshi Ammal Dental College and Host., Chennai1",Chennai1,Tamil Nadu,BDS,Self-Financed Merit Seat,General,130107,845948,168
"Meenakshi Medical College and Research Institute, Enathur",Enathur,Tamil Nadu,MBBS,Self-Financed Merit Seat,General,168922,1168293,364
"Midnapore Medical College, Midnapore",Midnapore,West Bengal,MBBS,All India,EWS,15175,20308,6
"Midnapore Medical College, Midnapore",Midnapore,West Bengal,MBBS,All India,General,8672,17430,20
"Midnapore Medical College, Midnapore",Midnapore,West Bengal,MBBS,All India,OBC,15217,19196,15
"Midnapore Medical College, Midnapore",Midnapore,West Bengal,MBBS,All India,SC,45614,107162,10
"Midnapore Medical College, Midnapore",Midnapore,West Bengal,MBBS,All India,ST,89742,113036,4
"Moti Lal Nehru Medical College, Allahabad",Allahabad,Uttar Pradesh,MBBS,All India,EWS,5918,10245,6
"Moti Lal Nehru Medical College, Allahabad",Allahabad,Uttar Pradesh,MBBS,All India,General,3095,7087,24
"Moti Lal Nehru Medical College, Allahabad",Allahabad,Uttar Pradesh,MBBS,All India,OBC,6223,8495,16
"Moti Lal Nehru Medical College, Allahabad",Allahabad,Uttar Pradesh,MBBS,All India,SC,23165,52133,5
"Moti Lal Nehru Medical College, Allahabad",Allahabad,Uttar Pradesh,MBBS,All India,ST,60209,70175,4
"Murshidabad Medical College & Hospitals, Murshidabad",Murshidabad,West Bengal,MBBS,All India,EWS,17160,20738,2
"Murshidabad Medical College & Hospitals, Murshidabad",Murshidabad,West Bengal,MBBS,All India,General,5807,19885,20
"Murshidabad Medical College & Hospitals, Murshidabad",Murshidabad,West Bengal,MBBS,All India,OBC,17122,20820,12
"Murshidabad Medical College & Hospitals, Murshidabad",Murshidabad,West Bengal,MBBS,All India,SC,68755,108045,4
"Murshidabad Medical College & Hospitals, Murshidabad",Murshidabad,West Bengal,MBBS,All India,ST,100269,117048,2
"Mysore Medical College and Research Instt. (Prev.name Government Medical College), Mysore",Mysore,Karnataka,MBBS,All India,EWS,4333,8646,8
"Mysore Medical College and Research Instt. (Prev.name Government Medical College), Mysore",Mysore,Karnataka,MBBS,All India,General,1811,6528,25
"Mysore Medical College and Research Instt. (Prev.name Government Medical College), Mysore",Mysore,Karnataka,MBBS,All India,OBC,4267,9724,18
"Mysore Medical College and Research Instt. (Prev.name Government Medical College), Mysore",Mysore,Karnataka,MBBS,All India,SC,6526,47841,8
"Mysore Medical College and Research Instt. (Prev.name Government Medical College), Mysore",Mysore,Karnataka,MBBS,All India,ST,35373,45305,5
NAIR HOSP DENTAL COLLEGE & HOSP,,Maharashtra,BDS,All India,EWS,39289,39289,2
NAIR HOSP DENTAL COLLEGE & HOSP,,Maharashtra,BDS,All India,General,13320,34538,8
NAIR HOSP DENTAL COLLEGE & HOSP,,Maharashtra,BDS,All India,OBC,28710,36927,6
NAIR HOSP DENTAL COLLEGE & HOSP,,Maharashtra,BDS,All India,SC,142458,151488,4
NAIR HOSP DENTAL COLLEGE & HOSP,,Maharashtra,BDS,All India,ST,129433,129433,2
"NAMO Medical Education & Research Institute, Govt Medical College Silvassa",Govt Medical College Silvassa,Dadra and Nagar Haveli and Daman and Diu,MBBS,All India,EWS,10143,13733,6
"NAMO Medical Education & Research Institute, Govt Medical College Silvassa",Govt Medical College Silvassa,Dadra and Nagar Haveli and Daman and Diu,MBBS,All India,General,6979,11514,18
"NAMO Medical Education & Research Institute, Govt Medical College Silvassa",Govt Medical College Silvassa,Dadra and Nagar Haveli and Daman and Diu,MBBS,All India,OBC,9344,12855,15
"NAMO Medical Education & Research Institute, Govt Medical College Silvassa",Govt Medical College Silvassa,Dadra and Nagar Haveli and Daman and Diu,MBBS,All India,SC,64235,76822,7
"NAMO Medical Education & Research Institute, Govt Medical College Silvassa",Govt Medical College Silvassa,Dadra and Nagar Haveli and Daman and Diu,MBBS,All India,ST,75796,98634,4
NORTH BENGAL DENT.COLL,,West Bengal,BDS,All India,EWS,40701,41436,2
NORTH BENGAL DENT.COLL,,West Bengal,BDS,All India,General,22511,40410,8
NORTH BENGAL DENT.COLL,,West Bengal,BDS,All India,OBC,38295,41244,4
NORTH BENGAL DENT.COLL,,West Bengal,BDS,All India,SC,131527,162118,2
NORTH BENGAL DENT.COLL,,West Bengal,BDS,All India,ST,162071,182042,2
Nagaland Institute of Medical Sciences & Research,,Nagaland,MBBS,All India,EWS,25990,29382,4
Nagaland Institute of Medical Sciences & Research,,Nagaland,MBBS,All India,General,16943,25655,10
Nagaland Institute of Medical Sciences & Research,,Nagaland,MBBS,All India,OBC,22372,25768,6
Nagaland Institute of Medical Sciences & Research,,Nagaland,MBBS,All India,SC,82870,116889,4
Nagaland Institute of Medical Sciences & Research,,Nagaland,MBBS,All India,ST,121394,121394,2
Nagaon Medical College,,Assam,MBBS,All India,EWS,25134,27513,2
Nagaon Medical College,,Assam,MBBS,All India,General,11521,24372,12
Nagaon Medical College,,Assam,MBBS,All India,OBC,22543,25545,8
Nagaon Medical College,,Assam,MBBS,All India,SC,103155,113462,4
Nagaon Medical College,,Assam,MBBS,All India,ST,128312,128312,2
"Nalanda Medical College, Patna",Patna,Bihar,MBBS,All India,EWS,6304,10186,4
"Nalanda Medical College, Patna",Patna,Bihar,MBBS,All India,General,4719,9886,24
"Nalanda Medical College, Patna",Patna,Bihar,MBBS,All India,OBC,6440,10342,14
"Nalanda Medical College, Patna",Patna,Bihar,MBBS,All India,SC,37688,75443,10
"Nalanda Medical College, Patna",Patna,Bihar,MBBS,All India,ST,36894,73673,6
"Nalbari Medical College, Nalbari",Nalbari,Assam,MBBS,All India,EWS,25500,29137,4
"Nalbari Medical College, Nalbari",Nalbari,Assam,MBBS,All India,General,19201,25503,12
"Nalbari Medical College, Nalbari",Nalbari,Assam,MBBS,All India,OBC,22414,25566,8
"Nalbari Medical College, Nalbari",Nalbari,Assam,MBBS,All India,SC,98617,120062,4
"Nalbari Medical College, Nalbari",Nalbari,Assam,MBBS,All India,ST,126398,126398,2
Nandi Medical College and Research Institute Chikkaballapura (Chikkaballapura Institute of Medical Sciences Chikkaballapura ),,Karnataka,MBBS,All India,EWS,18881,26819,4
Nandi Medical College and Research Institute Chikkaballapura (Chikkaballapura Institute of Medical Sciences Chikkaballapura ),,Karnataka,MBBS,All India,General,9967,21532,14
Nandi Medical College and Research Institute Chikkaballapura (Chikkaballapura Institute of Medical Sciences Chikkaballapura ),,Karnataka,MBBS,All India,OBC,16990,23068,14
Nandi Medical College and Research Institute Chikkaballapura (Chikkaballapura Institute of Medical Sciences Chikkaballapura ),,Karnataka,MBBS,All India,SC,87340,111979,8
Nandi Medical College and Research Institute Chikkaballapura (Chikkaballapura Institute of Medical Sciences Chikkaballapura ),,Karnataka,MBBS,All India,ST,98309,107880,4
"Netaji Subhash Chandra Bose Medical College, Jabalpur",Jabalpur,Madhya Pradesh,MBBS,All India,EWS,8098,11749,6
"Netaji Subhash Chandra Bose Medical College, Jabalpur",Jabalpur,Madhya Pradesh,MBBS,All India,General,6315,9160,25
"Netaji Subhash Chandra Bose Medical College, Jabalpur",Jabalpur,Madhya Pradesh,MBBS,All India,OBC,7808,10254,20
"Netaji Subhash Chandra Bose Medical College, Jabalpur",Jabalpur,Madhya Pradesh,MBBS,All India,SC,46655,68064,12
"Netaji Subhash Chandra Bose Medical College, Jabalpur",Jabalpur,Madhya Pradesh,MBBS,All India,ST,52518,71890,6
"Nilratan Sircar Medical College, Kolkata",Kolkata,West Bengal,MBBS,All India,EWS,6005,9023,8
"Nilratan Sircar Medical College, Kolkata",Kolkata,West Bengal,MBBS,All India,General,3496,7112,26
"Nilratan Sircar Medical College, Kolkata",Kolkata,West Bengal,MBBS,All India,OBC,5013,8544,18
"Nilratan Sircar Medical College, Kolkata",Kolkata,West Bengal,MBBS,All India,SC,27712,57201,12
"Nilratan Sircar Medical College, Kolkata",Kolkata,West Bengal,MBBS,All India,ST,76027,79051,5
"North Bengal Medical College, Darjeeling",Darjeeling,West Bengal,MBBS,All India,EWS,14106,15175,8
"North Bengal Medical College, Darjeeling",Darjeeling,West Bengal,MBBS,All India,General,7667,14507,29
"North Bengal Medical College, Darjeeling",Darjeeling,West Bengal,MBBS,All India,OBC,12356,16738,20
"North Bengal Medical College, Darjeeling",Darjeeling,West Bengal,MBBS,All India,SC,33770,88022,11
"North Bengal Medical College, Darjeeling",Darjeeling,West Bengal,MBBS,All India,ST,73336,87140,4
"North Delhi Muncipal Corporation Medical College, Delhi",Delhi,Delhi,MBBS,All India,EWS,2945,3159,2
"North Delhi Muncipal Corporation Medical College, Delhi",Delhi,Delhi,MBBS,All India,General,1758,2530,10
"North Delhi Muncipal Corporation Medical College, Delhi",Delhi,Delhi,MBBS,All India,OBC,2509,2760,4
"North Delhi Muncipal Corporation Medical College, Delhi",Delhi,Delhi,MBBS,All India,SC,17405,17405,2
"North Eastern Indira Gandhi Regional Instt. of Health and Medical Sciences, Shillong",Shillong,Meghalaya,MBBS,All India,General,5227,11948,15
"Osmania Medical College, Hyderabad",Hyderabad,Telangana,MBBS,All India,EWS,4576,9316,4
"Osmania Medical College, Hyderabad",Hyderabad,Telangana,MBBS,All India,General,1277,5371,27
"Osmania Medical College, Hyderabad",Hyderabad,Telangana,MBBS,All India,OBC,3795,6493,20
"Osmania Medical College, Hyderabad",Hyderabad,Telangana,MBBS,All India,SC,29717,43193,9
"Osmania Medical College, Hyderabad",Hyderabad,Telangana,MBBS,All India,ST,36138,44678,6
"PABITRA MOHAN PRADHAN MEDICAL COLLEGE, TALCHER",TALCHER,Odisha,MBBS,All India,EWS,22013,25831,2
"PABITRA MOHAN PRADHAN MEDICAL COLLEGE, TALCHER",TALCHER,Odisha,MBBS,All India,General,11173,24196,10
"PABITRA MOHAN PRADHAN MEDICAL COLLEGE, TALCHER",TALCHER,Odisha,MBBS,All India,OBC,17940,25213,8
"PABITRA MOHAN PRADHAN MEDICAL COLLEGE, TALCHER",TALCHER,Odisha,MBBS,All India,SC,74516,115684,6
"PABITRA MOHAN PRADHAN MEDICAL COLLEGE, TALCHER",TALCHER,Odisha,MBBS,All India,ST,125647,127463,4
"PATNA DENTAL COLLEGE & HOSPITAL, PATNA",PATNA,Bihar,BDS,All India,General,30577,37494,6
"PATNA DENTAL COLLEGE & HOSPITAL, PATNA",PATNA,Bihar,BDS,All India,OBC,35748,37983,4
"PATNA DENTAL COLLEGE & HOSPITAL, PATNA",PATNA,Bihar,BDS,All India,SC,113921,150337,2
PB. GOVT. DENTAL COLLEGE & HOSP,,Punjab,BDS,All India,EWS,41782,41782,2
PB. GOVT. DENTAL COLLEGE & HOSP,,Punjab,BDS,All India,General,23941,39095,8
PB. GOVT. DENTAL COLLEGE & HOSP,,Punjab,BDS,All India,OBC,36018,40124,4
PB. GOVT. DENTAL COLLEGE & HOSP,,Punjab,BDS,All India,SC,62595,104575,2
"PT NEKI RAM SHARMA GOVERNMENT MEDICAL COLLEGE, BHIWANI",BHIWANI,Haryana,MBBS,All India,EWS,13267,19384,4
"PT NEKI RAM SHARMA GOVERNMENT MEDICAL COLLEGE, BHIWANI",BHIWANI,Haryana,MBBS,All India,General,5666,15768,12
"PT NEKI RAM SHARMA GOVERNMENT MEDICAL COLLEGE, BHIWANI",BHIWANI,Haryana,MBBS,All India,OBC,11562,16567,8
"PT NEKI RAM SHARMA GOVERNMENT MEDICAL COLLEGE, BHIWANI",BHIWANI,Haryana,MBBS,All India,SC,67048,70279,4
"PT NEKI RAM SHARMA GOVERNMENT MEDICAL COLLEGE, BHIWANI",BHIWANI,Haryana,MBBS,All India,ST,86478,92972,2
"Padmashree Dr. DY. Patil Medical College, Navi Mumbai",Navi Mumbai,Maharashtra,MBBS,Non-Resident Indian,General,649386,942886,7
"Padmashree Dr. DY. Patil Medical College, Navi Mumbai",Navi Mumbai,Maharashtra,MBBS,Self-Financed Merit Seat,General,60529,510432,311
"Palamu Medical College, Palamu",Palamu,Jharkhand,MBBS,All India,EWS,19660,22548,2
"Palamu Medical College, Palamu",Palamu,Jharkhand,MBBS,All India,General,15071,20611,14
"Palamu Medical College, Palamu",Palamu,Jharkhand,MBBS,All India,OBC,17096,21168,8
"Palamu Medical College, Palamu",Palamu,Jharkhand,MBBS,All India,SC,90488,105692,4
"Palamu Medical College, Palamu",Palamu,Jharkhand,MBBS,All India,ST,107362,107362,2
"Pandit Deendayal Upadhyay Medical College, Rajkot",Rajkot,Gujarat,MBBS,All India,EWS,5830,10613,6
"Pandit Deendayal Upadhyay Medical College, Rajkot",Rajkot,Gujarat,MBBS,All India,General,3265,7075,20
"Pandit Deendayal Upadhyay Medical College, Rajkot",Rajkot,Gujarat,MBBS,All India,OBC,5323,8215,14
"Pandit Deendayal Upadhyay Medical College, Rajkot",Rajkot,Gujarat,MBBS,All India,SC,38696,51934,8
"Pandit Deendayal Upadhyay Medical College, Rajkot",Rajkot,Gujarat,MBBS,All India,ST,43650,62709,3
"Patna Medical College, Patna",Patna,Bihar,MBBS,All India,EWS,3846,4710,5
"Patna Medical College, Patna",Patna,Bihar,MBBS,All India,General,2084,3721,25
"Patna Medical College, Patna",Patna,Bihar,MBBS,All India,OBC,3662,4498,19
"Patna Medical College, Patna",Patna,Bihar,MBBS,All India,SC,27743,51006,11
"Patna Medical College, Patna",Patna,Bihar,MBBS,All India,ST,41357,41496,4
Prafulla Chandra Sen Government Medical College & Hospital,,West Bengal,MBBS,All India,EWS,20728,22838,3
Prafulla Chandra Sen Government Medical College & Hospital,,West Bengal,MBBS,All India,General,13910,21812,18
Prafulla Chandra Sen Government Medical College & Hospital,,West Bengal,MBBS,All India,OBC,19585,23136,9
Prafulla Chandra Sen Government Medical College & Hospital,,West Bengal,MBBS,All India,SC,93659,118433,6
Prafulla Chandra Sen Government Medical College & Hospital,,West Bengal,MBBS,All India,ST,122866,125420,4
Pragjyotishpur Medical College,,Assam,MBBS,All India,EWS,24563,26320,2
Pragjyotishpur Medical College,,Assam,MBBS,All India,General,8243,22102,12
Pragjyotishpur Medical College,,Assam,MBBS,All India,OBC,19478,23966,6
Pragjyotishpur Medical College,,Assam,MBBS,All India,SC,66238,104347,6
Pragjyotishpur Medical College,,Assam,MBBS,All India,ST,68821,77281,2
"Pt. B D Sharma Postgraduate Institute of Medical Sciences, Rohtak (Haryana)",Rohtak (Haryana),Haryana,MBBS,All India,EWS,5504,6449,8
"Pt. B D Sharma Postgraduate Institute of Medical Sciences, Rohtak (Haryana)",Rohtak (Haryana),Haryana,MBBS,All India,General,1018,4430,20
"Pt. B D Sharma Postgraduate Institute of Medical Sciences, Rohtak (Haryana)",Rohtak (Haryana),Haryana,MBBS,All India,OBC,3693,5111,19
"Pt. B D Sharma Postgraduate Institute of Medical Sciences, Rohtak (Haryana)",Rohtak (Haryana),Haryana,MBBS,All India,SC,20994,43015,9
"Pt. B D Sharma Postgraduate Institute of Medical Sciences, Rohtak (Haryana)",Rohtak (Haryana),Haryana,MBBS,All India,ST,50572,67520,6
"Pt. J N M Medical College, Raipur",Raipur,Chhattisgarh,MBBS,All India,EWS,10906,11365,4
"Pt. J N M Medical College, Raipur",Raipur,Chhattisgarh,MBBS,All India,General,3772,11031,27
"Pt. J N M Medical College, Raipur",Raipur,Chhattisgarh,MBBS,All India,OBC,7549,12162,17
"Pt. J N M Medical College, Raipur",Raipur,Chhattisgarh,MBBS,All India,SC,31466,76817,10
"Pt. J N M Medical College, Raipur",Raipur,Chhattisgarh,MBBS,All India,ST,73842,82741,6
"Pt. Jawahar Lal Nehru Government Medical College, Chamba",Chamba,Himachal Pradesh,MBBS,All India,EWS,10838,11348,4
"Pt. Jawahar Lal Nehru Government Medical College, Chamba",Chamba,Himachal Pradesh,MBBS,All India,General,8233,11389,14
"Pt. Jawahar Lal Nehru Government Medical College, Chamba",Chamba,Himachal Pradesh,MBBS,All India,OBC,9433,12147,10
"Pt. Jawahar Lal Nehru Government Medical College, Chamba",Chamba,Himachal Pradesh,MBBS,All India,SC,53557,62396,4
"Pt. Jawahar Lal Nehru Government Medical College, Chamba",Chamba,Himachal Pradesh,MBBS,All India,ST,65615,75937,2
"Pt. Raghunath Murmu Medical College and Hospital, Baripada, Odisha",Odisha,Odisha,MBBS,All India,EWS,14780,19100,4
"Pt. Raghunath Murmu Medical College and Hospital, Baripada, Odisha",Odisha,Odisha,MBBS,All India,General,9690,16470,14
"Pt. Raghunath Murmu Medical College and Hospital, Baripada, Odisha",Odisha,Odisha,MBBS,All India,OBC,11706,19394,8
"Pt. Raghunath Murmu Medical College and Hospital, Baripada, Odisha",Odisha,Odisha,MBBS,All India,SC,49075,105918,6
"Pt. Raghunath Murmu Medical College and Hospital, Baripada, Odisha",Odisha,Odisha,MBBS,All India,ST,119968,120731,2
Punyashloka Lokmata Devi Ahilyabai Holkar Autonomous State Medical College Auraiya,,Uttar Pradesh,MBBS,All India,EWS,17509,22471,4
Punyashloka Lokmata Devi Ahilyabai Holkar Autonomous State Medical College Auraiya,,Uttar Pradesh,MBBS,All India,General,16098,18971,10
Punyashloka Lokmata Devi Ahilyabai Holkar Autonomous State Medical College Auraiya,,Uttar Pradesh,MBBS,All India,OBC,17111,19183,6
Punyashloka Lokmata Devi Ahilyabai Holkar Autonomous State Medical College Auraiya,,Uttar Pradesh,MBBS,All India,SC,78302,96359,6
Punyashloka Lokmata Devi Ahilyabai Holkar Autonomous State Medical College Auraiya,,Uttar Pradesh,MBBS,All India,ST,111415,111415,2
Purulia Government Medical College & Hospital,,West Bengal,MBBS,All India,EWS,21446,24444,4
Purulia Government Medical College & Hospital,,West Bengal,MBBS,All India,General,15631,22229,16
Purulia Government Medical College & Hospital,,West Bengal,MBBS,All India,OBC,18758,23431,12
Purulia Government Medical College & Hospital,,West Bengal,MBBS,All India,SC,47872,116734,4
Purulia Government Medical College & Hospital,,West Bengal,MBBS,All India,ST,121020,121265,4
"R N T Medical College, Udaipur",Udaipur,Rajasthan,MBBS,All India,EWS,4765,7341,5
"R N T Medical College, Udaipur",Udaipur,Rajasthan,MBBS,All India,General,2249,5140,27
"R N T Medical College, Udaipur",Udaipur,Rajasthan,MBBS,All India,OBC,4066,5898,17
"R N T Medical College, Udaipur",Udaipur,Rajasthan,MBBS,All India,SC,17244,37651,10
"R N T Medical College, Udaipur",Udaipur,Rajasthan,MBBS,All India,ST,38377,38953,4
"REGIONAL DENTAL COLLEGE, GUWAHATI",GUWAHATI,Assam,BDS,All India,EWS,40637,40637,2
"REGIONAL DENTAL COLLEGE, GUWAHATI",GUWAHATI,Assam,BDS,All India,General,36260,39179,6
"REGIONAL DENTAL COLLEGE, GUWAHATI",GUWAHATI,Assam,BDS,All India,OBC,40818,41574,4
"REGIONAL DENTAL COLLEGE, GUWAHATI",GUWAHATI,Assam,BDS,All India,SC,141569,163440,2
"REGIONAL DENTAL COLLEGE, GUWAHATI",GUWAHATI,Assam,BDS,All India,ST,154455,183117,2
"RG Kar Medical College, Kolkata",Kolkata,West Bengal,MBBS,All India,EWS,9048,12113,6
"RG Kar Medical College, Kolkata",Kolkata,West Bengal,MBBS,All India,General,3932,10373,30
"RG Kar Medical College, Kolkata",Kolkata,West Bengal,MBBS,All India,OBC,8132,11557,20
"RG Kar Medical College, Kolkata",Kolkata,West Bengal,MBBS,All India,SC,31792,65365,12
"RG Kar Medical College, Kolkata",Kolkata,West Bengal,MBBS,All India,ST,68900,77611,6
"RUHS College of Dental Science, Jaipur",Jaipur,Rajasthan,BDS,All India,General,9203,9203,2
"RUHS College of Dental Science, Jaipur",Jaipur,Rajasthan,BDS,All India,OBC,7288,22392,4
"RUHS College of Dental Science, Jaipur",Jaipur,Rajasthan,BDS,All India,SC,101840,123939,2
"RUHS College of Dental Science, Jaipur",Jaipur,Rajasthan,BDS,All India,ST,114169,164174,2
"RUHS College of Medical Sciences, Jaipur",Jaipur,Rajasthan,MBBS,All India,EWS,3818,5945,6
"RUHS College of Medical Sciences, Jaipur",Jaipur,Rajasthan,MBBS,All India,General,1232,3916,18
"RUHS College of Medical Sciences, Jaipur",Jaipur,Rajasthan,MBBS,All India,OBC,3014,4346,12
"RUHS College of Medical Sciences, Jaipur",Jaipur,Rajasthan,MBBS,All India,SC,22717,31576,6
"RUHS College of Medical Sciences, Jaipur",Jaipur,Rajasthan,MBBS,All India,ST,32268,39471,4
"Raichur Institute of Medical Sciences, Raichur",Raichur,Karnataka,MBBS,All India,EWS,19188,22452,4
"Raichur Institute of Medical Sciences, Raichur",Raichur,Karnataka,MBBS,All India,General,9152,21176,26
"Raichur Institute of Medical Sciences, Raichur",Raichur,Karnataka,MBBS,All India,OBC,16938,21725,14
"Raichur Institute of Medical Sciences, Raichur",Raichur,Karnataka,MBBS,All India,SC,64083,101840,8
"Raichur Institute of Medical Sciences, Raichur",Raichur,Karnataka,MBBS,All India,ST,90804,95561,3
"Raiganj Government Medical College & Hospital, Raiganj",Raiganj,West Bengal,MBBS,All India,EWS,20786,22906,3
"Raiganj Government Medical College & Hospital, Raiganj",Raiganj,West Bengal,MBBS,All India,General,15445,22629,20
"Raiganj Government Medical College & Hospital, Raiganj",Raiganj,West Bengal,MBBS,All India,OBC,18886,23253,12
"Raiganj Government Medical College & Hospital, Raiganj",Raiganj,West Bengal,MBBS,All India,SC,93613,110388,8
"Raiganj Government Medical College & Hospital, Raiganj",Raiganj,West Bengal,MBBS,All India,ST,108084,108084,1
"Raja Rajeswari Medical College & Hospital, Bangalore",Bangalore,Karnataka,MBBS,Non-Resident Indian,General,681588,847135,4
"Raja Rajeswari Medical College & Hospital, Bangalore",Bangalore,Karnataka,MBBS,Self-Financed Merit Seat,General,137922,505316,355
"Rajah Muthiah Dental College and Hos. , Annamalai",Annamalai,Tamil Nadu,BDS,All India,EWS,32994,50773,4
"Rajah Muthiah Dental College and Hos. , Annamalai",Annamalai,Tamil Nadu,BDS,All India,General,15319,28515,10
"Rajah Muthiah Dental College and Hos. , Annamalai",Annamalai,Tamil Nadu,BDS,All India,OBC,26723,46528,6
"Rajah Muthiah Dental College and Hos. , Annamalai",Annamalai,Tamil Nadu,BDS,All India,SC,121665,152890,4
"Rajah Muthiah Dental College and Hos. , Annamalai",Annamalai,Tamil Nadu,BDS,All India,ST,156158,194872,2
"Rajashree Chatrapati Shahu Maharaj Government Medical College, Kolhapur",Kolhapur,Maharashtra,MBBS,All India,EWS,14486,16774,4
"Rajashree Chatrapati Shahu Maharaj Government Medical College, Kolhapur",Kolhapur,Maharashtra,MBBS,All India,General,8317,13743,18
"Rajashree Chatrapati Shahu Maharaj Government Medical College, Kolhapur",Kolhapur,Maharashtra,MBBS,All India,OBC,12395,14729,12
"Rajashree Chatrapati Shahu Maharaj Government Medical College, Kolhapur",Kolhapur,Maharashtra,MBBS,All India,SC,48979,84250,6
"Rajashree Chatrapati Shahu Maharaj Government Medical College, Kolhapur",Kolhapur,Maharashtra,MBBS,All India,ST,74604,97544,4
"Rajendra Institute of Medical Sciences, Ranchi",Ranchi,Jharkhand,MBBS,All India,EWS,5332,7805,8
"Rajendra Institute of Medical Sciences, Ranchi",Ranchi,Jharkhand,MBBS,All India,General,3157,5099,27
"Rajendra Institute of Medical Sciences, Ranchi",Ranchi,Jharkhand,MBBS,All India,OBC,5108,6742,17
"Rajendra Institute of Medical Sciences, Ranchi",Ranchi,Jharkhand,MBBS,All India,SC,22874,56183,10
"Rajendra Institute of Medical Sciences, Ranchi",Ranchi,Jharkhand,MBBS,All India,ST,51255,63179,4
"Rajiv Gandhi Institute of Medical Sciences, Srikakulam",Srikakulam,Andhra Pradesh,MBBS,All India,EWS,22448,25892,6
"Rajiv Gandhi Institute of Medical Sciences, Srikakulam",Srikakulam,Andhra Pradesh,MBBS,All India,General,12203,22970,20
"Rajiv Gandhi Institute of Medical Sciences, Srikakulam",Srikakulam,Andhra Pradesh,MBBS,All India,OBC,17989,23370,16
"Rajiv Gandhi Institute of Medical Sciences, Srikakulam",Srikakulam,Andhra Pradesh,MBBS,All India,SC,66688,104744,10
"Rajiv Gandhi Institute of Medical Sciences, Srikakulam",Srikakulam,Andhra Pradesh,MBBS,All India,ST,91001,113577,6
"Rajiv Gandhi Institute of Medical Sciences, adilabad",adilabad,Telangana,MBBS,All India,EWS,17281,24287,4
"Rajiv Gandhi Institute of Medical Sciences, adilabad",adilabad,Telangana,MBBS,All India,General,12603,18870,16
"Rajiv Gandhi Institute of Medical Sciences, adilabad",adilabad,Telangana,MBBS,All India,OBC,17072,20699,8
"Rajiv Gandhi Institute of Medical Sciences, adilabad",adilabad,Telangana,MBBS,All India,SC,72025,99466,6
"Rajiv Gandhi Institute of Medical Sciences, adilabad",adilabad,Telangana,MBBS,All India,ST,63365,63365,2
"Rajiv Gandhi Medical College and Chhatrapati Shivaji Maharaj Hospital, Thane",Thane,Maharashtra,MBBS,All India,EWS,8099,8099,2
"Rajiv Gandhi Medical College and Chhatrapati Shivaji Maharaj Hospital, Thane",Thane,Maharashtra,MBBS,All India,General,4324,8571,12
"Rajiv Gandhi Medical College and Chhatrapati Shivaji Maharaj Hospital, Thane",Thane,Maharashtra,MBBS,All India,OBC,7222,10379,10
"Rajiv Gandhi Medical College and Chhatrapati Shivaji Maharaj Hospital, Thane",Thane,Maharashtra,MBBS,All India,SC,45599,63770,4
"Rajiv Gandhi Medical College and Chhatrapati Shivaji Maharaj Hospital, Thane",Thane,Maharashtra,MBBS,All India,ST,66081,82290,2
"Rajkiya Allopathic Medical College, Bahraich, UP",UP,Uttar Pradesh,MBBS,All India,EWS,14344,16083,2
"Rajkiya Allopathic Medical College, Bahraich, UP",UP,Uttar Pradesh,MBBS,All India,General,9436,15097,10
"Rajkiya Allopathic Medical College, Bahraich, UP",UP,Uttar Pradesh,MBBS,All India,OBC,12317,15890,10
"Rajkiya Allopathic Medical College, Bahraich, UP",UP,Uttar Pradesh,MBBS,All India,SC,74473,79277,4
"Rajkiya Allopathic Medical College, Bahraich, UP",UP,Uttar Pradesh,MBBS,All India,ST,87744,102394,4
"Rajkiya Medical College Jalaun, Orai, Uttar Pradesh",Uttar Pradesh,Uttar Pradesh,MBBS,All India,EWS,13184,14357,2
"Rajkiya Medical College Jalaun, Orai, Uttar Pradesh",Uttar Pradesh,Uttar Pradesh,MBBS,All India,General,10458,12942,10
"Rajkiya Medical College Jalaun, Orai, Uttar Pradesh",Uttar Pradesh,Uttar Pradesh,MBBS,All India,OBC,11339,14169,8
"Rajkiya Medical College Jalaun, Orai, Uttar Pradesh",Uttar Pradesh,Uttar Pradesh,MBBS,All India,SC,58448,79190,4
"Rajkiya Medical College Jalaun, Orai, Uttar Pradesh",Uttar Pradesh,Uttar Pradesh,MBBS,All India,ST,93248,94246,2
"Rajmata Shrimata Devendra Kumari Singhdeo Government Medical College, Ambikapur (Surguja), Chhattisgarh",Chhattisgarh,Chhattisgarh,MBBS,All India,EWS,17583,24486,4
"Rajmata Shrimata Devendra Kumari Singhdeo Government Medical College, Ambikapur (Surguja), Chhattisgarh",Chhattisgarh,Chhattisgarh,MBBS,All India,General,14592,20483,16
"Rajmata Shrimata Devendra Kumari Singhdeo Government Medical College, Ambikapur (Surguja), Chhattisgarh",Chhattisgarh,Chhattisgarh,MBBS,All India,OBC,17522,21356,10
"Rajmata Shrimata Devendra Kumari Singhdeo Government Medical College, Ambikapur (Surguja), Chhattisgarh",Chhattisgarh,Chhattisgarh,MBBS,All India,SC,75402,88754,4
"Rajmata Shrimata Devendra Kumari Singhdeo Government Medical College, Ambikapur (Surguja), Chhattisgarh",Chhattisgarh,Chhattisgarh,MBBS,All India,ST,111286,114214,2
"Rampurhat Government Medical College & Hospital, Rampurhat",Rampurhat,West Bengal,MBBS,All India,EWS,19853,24319,6
"Rampurhat Government Medical College & Hospital, Rampurhat",Rampurhat,West Bengal,MBBS,All India,General,14900,21734,14
"Rampurhat Government Medical College & Hospital, Rampurhat",Rampurhat,West Bengal,MBBS,All India,OBC,18333,22694,10
"Rampurhat Government Medical College & Hospital, Rampurhat",Rampurhat,West Bengal,MBBS,All India,SC,96958,114469,6
"Rampurhat Government Medical College & Hospital, Rampurhat",Rampurhat,West Bengal,MBBS,All India,ST,115880,120394,4
"Rangaraya Medical College, Kakinada",Kakinada,Andhra Pradesh,MBBS,All India,EWS,13473,14629,6
"Rangaraya Medical College, Kakinada",Kakinada,Andhra Pradesh,MBBS,All India,General,2255,18234,30
"Rangaraya Medical College, Kakinada",Kakinada,Andhra Pradesh,MBBS,All India,OBC,9319,19229,18
"Rangaraya Medical College, Kakinada",Kakinada,Andhra Pradesh,MBBS,All India,SC,37113,82532,9
"Rangaraya Medical College, Kakinada",Kakinada,Andhra Pradesh,MBBS,All India,ST,64310,76669,4
"Regional Institute of Medical Sciences, Imphal",Imphal,Manipur,MBBS,All India,EWS,16331,25157,4
"Regional Institute of Medical Sciences, Imphal",Imphal,Manipur,MBBS,All India,General,2948,19955,14
"Regional Institute of Medical Sciences, Imphal",Imphal,Manipur,MBBS,All India,OBC,15402,22990,12
"Regional Institute of Medical Sciences, Imphal",Imphal,Manipur,MBBS,All India,SC,41100,54199,5
"Regional Institute of Medical Sciences, Imphal",Imphal,Manipur,MBBS,All India,ST,39057,56021,2
"Rural Dental College, Loni",Loni,Maharashtra,BDS,Self-Financed Merit Seat,General,126581,677738,145
"Rural Medical College, Loni",Loni,Uttar Pradesh,MBBS,Non-Resident Indian,General,646268,942558,5
"Rural Medical College, Loni",Loni,Uttar Pradesh,MBBS,Self-Financed Merit Seat,General,64506,149197,312
"S N Medical College, Agra",Agra,Uttar Pradesh,MBBS,All India,EWS,7016,10714,6
"S N Medical College, Agra",Agra,Uttar Pradesh,MBBS,All India,General,3636,7159,24
"S N Medical College, Agra",Agra,Uttar Pradesh,MBBS,All India,OBC,5669,8295,16
"S N Medical College, Agra",Agra,Uttar Pradesh,MBBS,All India,SC,28728,60508,8
"S N Medical College, Agra",Agra,Uttar Pradesh,MBBS,All India,ST,48020,53549,4
"S V Medical College, Tirupati",Tirupati,Andhra Pradesh,MBBS,All India,EWS,10822,20641,8
"S V Medical College, Tirupati",Tirupati,Andhra Pradesh,MBBS,All India,General,3718,15085,24
"S V Medical College, Tirupati",Tirupati,Andhra Pradesh,MBBS,All India,OBC,10508,19371,17
"S V Medical College, Tirupati",Tirupati,Andhra Pradesh,MBBS,All India,SC,30364,84289,11
"S V Medical College, Tirupati",Tirupati,Andhra Pradesh,MBBS,All India,ST,71038,94627,6
S.C.B. MEDICAL COLL(DENTAL),,Odisha,BDS,All India,EWS,30139,31790,2
S.C.B. MEDICAL COLL(DENTAL),,Odisha,BDS,All India,General,10571,18743,6
S.C.B. MEDICAL COLL(DENTAL),,Odisha,BDS,All India,OBC,19129,26384,4
S.C.B. MEDICAL COLL(DENTAL),,Odisha,BDS,All India,SC,96633,129758,2
S.C.B. MEDICAL COLL(DENTAL),,Odisha,BDS,All India,ST,133322,150305,2
SATHYABAMA UNIV. Dental College and Hospt. Chennai,,Tamil Nadu,BDS,Self-Financed Merit Seat,General,251136,993377,140
"SBKS Medical Instt. & Research Centre, Vadodra",Vadodra,Gujarat,MBBS,Jain Minority Quota,General,145217,1040306,106
"SBKS Medical Instt. & Research Centre, Vadodra",Vadodra,Gujarat,MBBS,Self-Financed Merit Seat,General,49259,581974,187
"SCB Medical College, Cuttack",Cuttack,Odisha,MBBS,All India,EWS,3860,5248,5
"SCB Medical College, Cuttack",Cuttack,Odisha,MBBS,All India,General,949,3589,18
"SCB Medical College, Cuttack",Cuttack,Odisha,MBBS,All India,OBC,3072,4496,17
"SCB Medical College, Cuttack",Cuttack,Odisha,MBBS,All India,SC,17733,36546,7
"SCB Medical College, Cuttack",Cuttack,Odisha,MBBS,All India,ST,51532,68900,3
"SMS Medical College, Jaipur",Jaipur,Rajasthan,MBBS,All India,EWS,1700,3089,5
"SMS Medical College, Jaipur",Jaipur,Rajasthan,MBBS,All India,General,512,1265,23
"SMS Medical College, Jaipur",Jaipur,Rajasthan,MBBS,All India,OBC,1214,1920,16
"SMS Medical College, Jaipur",Jaipur,Rajasthan,MBBS,All India,SC,9797,15696,6
"SMS Medical College, Jaipur",Jaipur,Rajasthan,MBBS,All India,ST,1887,9977,5
"SRM Dental College, Chennai",Chennai,Tamil Nadu,BDS,Self-Financed Merit Seat,General,147507,589212,135
SRM Katt. Dental College and Hospt. Chennai,,Tamil Nadu,BDS,Self-Financed Merit Seat,General,178995,654011,130
"SRM Medical College Hospital & Research Centre, Kancheepuram",Kancheepuram,Tamil Nadu,MBBS,Non-Resident Indian,General,905223,905223,1
"SRM Medical College Hospital & Research Centre, Kancheepuram",Kancheepuram,Tamil Nadu,MBBS,Self-Financed Merit Seat,General,150681,762139,384
"SRTR Medical College, Ambajogai",Ambajogai,Maharashtra,MBBS,All India,EWS,16922,21086,4
"SRTR Medical College, Ambajogai",Ambajogai,Maharashtra,MBBS,All India,General,12368,17798,20
"SRTR Medical College, Ambajogai",Ambajogai,Maharashtra,MBBS,All India,OBC,15212,18375,12
"SRTR Medical College, Ambajogai",Ambajogai,Maharashtra,MBBS,All India,SC,65934,97694,6
"SRTR Medical College, Ambajogai",Ambajogai,Maharashtra,MBBS,All India,ST,97728,97728,1
"ST Peters Medical College, Hospital & Research Institute",Hospital & Research Institute,Tamil Nadu,MBBS,Self-Financed Merit Seat,General,129465,1034185,375
"SVIMS - Sri Padmavathi Medical College for Women, Alipiri Road, Tirupati",Tirupati,Andhra Pradesh,MBBS,All India,EWS,22458,25653,4
"SVIMS - Sri Padmavathi Medical College for Women, Alipiri Road, Tirupati",Tirupati,Andhra Pradesh,MBBS,All India,General,9542,19189,20
"SVIMS - Sri Padmavathi Medical College for Women, Alipiri Road, Tirupati",Tirupati,Andhra Pradesh,MBBS,All India,OBC,14668,21284,12
"SVIMS - Sri Padmavathi Medical College for Women, Alipiri Road, Tirupati",Tirupati,Andhra Pradesh,MBBS,All India,SC,60260,81742,6
"SVIMS - Sri Padmavathi Medical College for Women, Alipiri Road, Tirupati",Tirupati,Andhra Pradesh,MBBS,All India,ST,104373,115770,4
"Saheed Laxman Nayak Medical College & Hospital, Koraput",Koraput,Odisha,MBBS,All India,EWS,18987,25731,4
"Saheed Laxman Nayak Medical College & Hospital, Koraput",Koraput,Odisha,MBBS,All India,General,10604,21525,18
"Saheed Laxman Nayak Medical College & Hospital, Koraput",Koraput,Odisha,MBBS,All India,OBC,14419,22405,10
"Saheed Laxman Nayak Medical College & Hospital, Koraput",Koraput,Odisha,MBBS,All India,SC,69158,101802,4
"Saheed Laxman Nayak Medical College & Hospital, Koraput",Koraput,Odisha,MBBS,All India,ST,123994,123994,2
"Saheed Rendo Majhi Medical College and Hospital, Bhawanipatna, Kalahandi, Odisha (erstwhile Government Medical College, Bhawanipatna)",Bhawanipatna),Odisha,MBBS,All India,EWS,20575,25754,2
"Saheed Rendo Majhi Medical College and Hospital, Bhawanipatna, Kalahandi, Odisha (erstwhile Government Medical College, Bhawanipatna)",Bhawanipatna),Odisha,MBBS,All India,General,8421,23594,10
"Saheed Rendo Majhi Medical College and Hospital, Bhawanipatna, Kalahandi, Odisha (erstwhile Government Medical College, Bhawanipatna)",Bhawanipatna),Odisha,MBBS,All India,OBC,16054,23990,8
"Saheed Rendo Majhi Medical College and Hospital, Bhawanipatna, Kalahandi, Odisha (erstwhile Government Medical College, Bhawanipatna)",Bhawanipatna),Odisha,MBBS,All India,SC,57321,109911,4
"Saheed Rendo Majhi Medical College and Hospital, Bhawanipatna, Kalahandi, Odisha (erstwhile Government Medical College, Bhawanipatna)",Bhawanipatna),Odisha,MBBS,All India,ST,119973,125232,2
"Santosh Dental College and Hospital, Ghaziabad",Ghaziabad,Uttar Pradesh,BDS,Self-Financed Merit Seat,General,108288,553022,130
"Santosh Medical College, Ghaziabad",Ghaziabad,Uttar Pradesh,MBBS,Non-Resident Indian,General,741289,993507,11
"Santosh Medical College, Ghaziabad",Ghaziabad,Uttar Pradesh,MBBS,Self-Financed Merit Seat,General,106401,651748,215
"Sarat Chandra Chattopadhyay Government Medical College & Hospital,",,West Bengal,MBBS,All India,EWS,20395,21209,4
"Sarat Chandra Chattopadhyay Government Medical College & Hospital,",,West Bengal,MBBS,All India,General,10650,20238,18
"Sarat Chandra Chattopadhyay Government Medical College & Hospital,",,West Bengal,MBBS,All India,OBC,18487,22589,11
"Sarat Chandra Chattopadhyay Government Medical College & Hospital,",,West Bengal,MBBS,All India,SC,90560,106794,6
"Sarat Chandra Chattopadhyay Government Medical College & Hospital,",,West Bengal,MBBS,All India,ST,118072,122229,4
"Sardar Patel Medical College, Bikaner",Bikaner,Rajasthan,MBBS,All India,EWS,3587,5944,8
"Sardar Patel Medical College, Bikaner",Bikaner,Rajasthan,MBBS,All India,General,1462,4185,24
"Sardar Patel Medical College, Bikaner",Bikaner,Rajasthan,MBBS,All India,OBC,3235,4402,17
"Sardar Patel Medical College, Bikaner",Bikaner,Rajasthan,MBBS,All India,SC,20642,28013,11
"Sardar Patel Medical College, Bikaner",Bikaner,Rajasthan,MBBS,All India,ST,26094,39242,6
"Saveetha Dental College, Chennai",Chennai,Tamil Nadu,BDS,Non-Resident Indian,General,754995,754995,1
"Saveetha Dental College, Chennai",Chennai,Tamil Nadu,BDS,Self-Financed Merit Seat,General,12816,548893,121
"Saveetha Medical College and Hospital, Kanchipuram",Kanchipuram,Tamil Nadu,MBBS,Non-Resident Indian,General,4161,4161,1
"Saveetha Medical College and Hospital, Kanchipuram",Kanchipuram,Tamil Nadu,MBBS,Self-Financed Merit Seat,General,75734,676697,375
"School of Dental Sciences and KIMSDU, Karad",Karad,Maharashtra,BDS,Non-Resident Indian,General,819784,819784,1
"School of Dental Sciences and KIMSDU, Karad",Karad,Maharashtra,BDS,Self-Financed Merit Seat,General,233300,755076,120
"Seth GS Medical College, Mumbai",Mumbai,Maharashtra,MBBS,All India,EWS,3571,5209,9
"Seth GS Medical College, Mumbai",Mumbai,Maharashtra,MBBS,All India,General,228,1529,22
"Seth GS Medical College, Mumbai",Mumbai,Maharashtra,MBBS,All India,OBC,1438,4081,17
"Seth GS Medical College, Mumbai",Mumbai,Maharashtra,MBBS,All India,SC,5214,29375,9
"Seth GS Medical College, Mumbai",Mumbai,Maharashtra,MBBS,All India,ST,30840,60268,5
"Shaheed Hasan Khan Mewati Government Medical College, Nalhar",Nalhar,Haryana,MBBS,All India,EWS,11234,16606,2
"Shaheed Hasan Khan Mewati Government Medical College, Nalhar",Nalhar,Haryana,MBBS,All India,General,5374,14274,12
"Shaheed Hasan Khan Mewati Government Medical College, Nalhar",Nalhar,Haryana,MBBS,All India,OBC,10659,15343,8
"Shaheed Hasan Khan Mewati Government Medical College, Nalhar",Nalhar,Haryana,MBBS,All India,SC,49485,82157,5
"Shaheed Hasan Khan Mewati Government Medical College, Nalhar",Nalhar,Haryana,MBBS,All India,ST,85309,105620,4
"Shaheed Nirmal Mahto Medical College & Hospital, Dhanbad (formely known as Patliputra Medical College, Dhanbad)",Dhanbad),Jharkhand,MBBS,All India,EWS,11287,15023,2
"Shaheed Nirmal Mahto Medical College & Hospital, Dhanbad (formely known as Patliputra Medical College, Dhanbad)",Dhanbad),Jharkhand,MBBS,All India,General,8204,14578,12
"Shaheed Nirmal Mahto Medical College & Hospital, Dhanbad (formely known as Patliputra Medical College, Dhanbad)",Dhanbad),Jharkhand,MBBS,All India,OBC,10376,15867,8
"Shaheed Nirmal Mahto Medical College & Hospital, Dhanbad (formely known as Patliputra Medical College, Dhanbad)",Dhanbad),Jharkhand,MBBS,All India,SC,68424,85377,4
"Shaheed Nirmal Mahto Medical College & Hospital, Dhanbad (formely known as Patliputra Medical College, Dhanbad)",Dhanbad),Jharkhand,MBBS,All India,ST,72682,100458,4
"Shaikh-UL-Hind Maulana Mahmood Hasan Medical College, Saharanpur",Saharanpur,Uttar Pradesh,MBBS,All India,EWS,11046,13435,2
"Shaikh-UL-Hind Maulana Mahmood Hasan Medical College, Saharanpur",Saharanpur,Uttar Pradesh,MBBS,All India,General,7591,11703,10
"Shaikh-UL-Hind Maulana Mahmood Hasan Medical College, Saharanpur",Saharanpur,Uttar Pradesh,MBBS,All India,OBC,9140,12018,6
"Shaikh-UL-Hind Maulana Mahmood Hasan Medical College, Saharanpur",Saharanpur,Uttar Pradesh,MBBS,All India,SC,57602,72906,6
"Shaikh-UL-Hind Maulana Mahmood Hasan Medical College, Saharanpur",Saharanpur,Uttar Pradesh,MBBS,All India,ST,87624,87624,2
"Sharad Pawar Dental College and Hospital, Wardha",Wardha,Maharashtra,BDS,Self-Financed Merit Seat,General,90817,898058,167
"Sher-I-Kashmir Instt. Of Medical Sciences, Srinagar",Srinagar,Jammu and Kashmir,MBBS,All India,EWS,10960,16395,4
"Sher-I-Kashmir Instt. Of Medical Sciences, Srinagar",Srinagar,Jammu and Kashmir,MBBS,All India,General,3647,13454,16
"Sher-I-Kashmir Instt. Of Medical Sciences, Srinagar",Srinagar,Jammu and Kashmir,MBBS,All India,OBC,9874,15555,12
"Sher-I-Kashmir Instt. Of Medical Sciences, Srinagar",Srinagar,Jammu and Kashmir,MBBS,All India,SC,62036,84758,6
"Sher-I-Kashmir Instt. Of Medical Sciences, Srinagar",Srinagar,Jammu and Kashmir,MBBS,All India,ST,47533,59717,4
Shillong Medical College,,Meghalaya,MBBS,All India,EWS,21261,24236,2
Shillong Medical College,,Meghalaya,MBBS,All India,General,15519,19609,6
Shillong Medical College,,Meghalaya,MBBS,All India,OBC,18035,22550,6
Shillong Medical College,,Meghalaya,MBBS,All India,SC,73984,73984,2
"Shimoga Institute of Medical Sciences, Shimoga",Shimoga,Karnataka,MBBS,All India,EWS,11382,22579,6
"Shimoga Institute of Medical Sciences, Shimoga",Shimoga,Karnataka,MBBS,All India,General,4450,17984,16
"Shimoga Institute of Medical Sciences, Shimoga",Shimoga,Karnataka,MBBS,All India,OBC,12562,19937,12
"Shimoga Institute of Medical Sciences, Shimoga",Shimoga,Karnataka,MBBS,All India,SC,54406,84845,6
"Shimoga Institute of Medical Sciences, Shimoga",Shimoga,Karnataka,MBBS,All India,ST,71185,71185,2
"Shri Atal Bihari Vajpayee Government Medical College, Faridabad",Faridabad,Haryana,MBBS,All India,EWS,9807,15647,2
"Shri Atal Bihari Vajpayee Government Medical College, Faridabad",Faridabad,Haryana,MBBS,All India,General,1826,11862,12
"Shri Atal Bihari Vajpayee Government Medical College, Faridabad",Faridabad,Haryana,MBBS,All India,OBC,8893,14083,8
"Shri Atal Bihari Vajpayee Government Medical College, Faridabad",Faridabad,Haryana,MBBS,All India,SC,41419,73134,2
"Shri Atal Bihari Vajpayee Government Medical College, Faridabad",Faridabad,Haryana,MBBS,All India,ST,51121,70746,2
Shri Atal Bihari Vajpayee Medical College & Research Institute,,Karnataka,MBBS,All India,EWS,6083,12401,4
Shri Atal Bihari Vajpayee Medical College & Research Institute,,Karnataka,MBBS,All India,General,634,5935,21
Shri Atal Bihari Vajpayee Medical College & Research Institute,,Karnataka,MBBS,All India,OBC,4855,9871,16
Shri Atal Bihari Vajpayee Medical College & Research Institute,,Karnataka,MBBS,All India,SC,28840,54625,7
Shri Atal Bihari Vajpayee Medical College & Research Institute,,Karnataka,MBBS,All India,ST,45305,57953,6
"Shri B M Patil Medical College, Hospital & Research Centre, Vijayapura (Bijapur",Vijayapura (Bijapur,Karnataka,MBBS,Self-Financed Merit Seat,General,99750,294456,409
"Shri Kalyan Govt. Medical College, Sikar, Rajasthan",Rajasthan,Rajasthan,MBBS,All India,EWS,6931,6931,2
"Shri Kalyan Govt. Medical College, Sikar, Rajasthan",Rajasthan,Rajasthan,MBBS,All India,General,5104,8545,14
"Shri Kalyan Govt. Medical College, Sikar, Rajasthan",Rajasthan,Rajasthan,MBBS,All India,OBC,6032,8803,8
"Shri Kalyan Govt. Medical College, Sikar, Rajasthan",Rajasthan,Rajasthan,MBBS,All India,SC,35121,56858,4
"Shri Kalyan Govt. Medical College, Sikar, Rajasthan",Rajasthan,Rajasthan,MBBS,All India,ST,49740,59287,2
"Shri Krishna Medical College, Muzzafarpur",Muzzafarpur,Bihar,MBBS,All India,EWS,12337,14459,6
"Shri Krishna Medical College, Muzzafarpur",Muzzafarpur,Bihar,MBBS,All India,General,8194,13332,16
"Shri Krishna Medical College, Muzzafarpur",Muzzafarpur,Bihar,MBBS,All India,OBC,10318,14584,12
"Shri Krishna Medical College, Muzzafarpur",Muzzafarpur,Bihar,MBBS,All India,SC,58024,88948,4
"Shri Krishna Medical College, Muzzafarpur",Muzzafarpur,Bihar,MBBS,All India,ST,79423,90103,4
"Shri Lal Bahadur Shastri Government Medical College, Mandi, HP",HP,Himachal Pradesh,MBBS,All India,EWS,7819,8499,4
"Shri Lal Bahadur Shastri Government Medical College, Mandi, HP",HP,Himachal Pradesh,MBBS,All India,General,4823,7055,14
"Shri Lal Bahadur Shastri Government Medical College, Mandi, HP",HP,Himachal Pradesh,MBBS,All India,OBC,6153,8233,8
"Shri Lal Bahadur Shastri Government Medical College, Mandi, HP",HP,Himachal Pradesh,MBBS,All India,SC,32343,43274,5
"Shri Lal Bahadur Shastri Government Medical College, Mandi, HP",HP,Himachal Pradesh,MBBS,All India,ST,48565,59948,4
"Shri Lal Bahadur Shastri Government Medical College, Mandi, HP",HP,Himachal Pradesh,MBBS,Employees State Insurance Scheme(ESI),EWS,21749,26626,7
"Shri Lal Bahadur Shastri Government Medical College, Mandi, HP",HP,Himachal Pradesh,MBBS,Employees State Insurance Scheme(ESI),General,7607,21115,26
"Shri Lal Bahadur Shastri Government Medical College, Mandi, HP",HP,Himachal Pradesh,MBBS,Employees State Insurance Scheme(ESI),OBC,21280,24399,17
"Shri Lal Bahadur Shastri Government Medical College, Mandi, HP",HP,Himachal Pradesh,MBBS,Employees State Insurance Scheme(ESI),SC,103195,153345,6
"Shri Lal Bahadur Shastri Government Medical College, Mandi, HP",HP,Himachal Pradesh,MBBS,Employees State Insurance Scheme(ESI),ST,181341,250121,5
"Shri Sathya Sai Medical College and Research Institute, Kancheepuram",Kancheepuram,Tamil Nadu,MBBS,Self-Financed Merit Seat,General,327979,1194233,304
"Shri Vasant Rao Naik Govt. Medical College, Yavatmal",Yavatmal,Maharashtra,MBBS,All India,EWS,18534,21189,4
"Shri Vasant Rao Naik Govt. Medical College, Yavatmal",Yavatmal,Maharashtra,MBBS,All India,General,9350,18328,25
"Shri Vasant Rao Naik Govt. Medical College, Yavatmal",Yavatmal,Maharashtra,MBBS,All India,OBC,15691,18742,16
"Shri Vasant Rao Naik Govt. Medical College, Yavatmal",Yavatmal,Maharashtra,MBBS,All India,SC,70368,98617,10
"Shri Vasant Rao Naik Govt. Medical College, Yavatmal",Yavatmal,Maharashtra,MBBS,All India,ST,101354,108853,4
"Shrimati Indira Gandhi Memorial Govt. Medical College, Kanker, Chattisgarh (previously Government Medical College, Kanker)",Kanker),Chhattisgarh,MBBS,All India,EWS,21457,24678,4
"Shrimati Indira Gandhi Memorial Govt. Medical College, Kanker, Chattisgarh (previously Government Medical College, Kanker)",Kanker),Chhattisgarh,MBBS,All India,General,13663,20784,10
"Shrimati Indira Gandhi Memorial Govt. Medical College, Kanker, Chattisgarh (previously Government Medical College, Kanker)",Kanker),Chhattisgarh,MBBS,All India,OBC,18887,23339,10
"Shrimati Indira Gandhi Memorial Govt. Medical College, Kanker, Chattisgarh (previously Government Medical College, Kanker)",Kanker),Chhattisgarh,MBBS,All India,SC,76384,104687,6
"Shrimati Indira Gandhi Memorial Govt. Medical College, Kanker, Chattisgarh (previously Government Medical College, Kanker)",Kanker),Chhattisgarh,MBBS,All India,ST,114214,117845,4
"Shyam Shah Medical College, Rewa",Rewa,Madhya Pradesh,MBBS,All India,EWS,9776,13184,4
"Shyam Shah Medical College, Rewa",Rewa,Madhya Pradesh,MBBS,All India,General,7521,11705,26
"Shyam Shah Medical College, Rewa",Rewa,Madhya Pradesh,MBBS,All India,OBC,9333,12505,16
"Shyam Shah Medical College, Rewa",Rewa,Madhya Pradesh,MBBS,All India,SC,51934,77079,10
"Shyam Shah Medical College, Rewa",Rewa,Madhya Pradesh,MBBS,All India,ST,76561,82290,4
Sikkim Government Medical College,,Sikkim,MBBS,All India,EWS,21393,27793,2
Sikkim Government Medical College,,Sikkim,MBBS,All India,General,6121,25385,14
Sikkim Government Medical College,,Sikkim,MBBS,All India,OBC,21877,25677,6
Sikkim Government Medical College,,Sikkim,MBBS,All India,SC,79114,120153,4
Sikkim Government Medical College,,Sikkim,MBBS,All India,ST,72645,124761,2
"Silchar Medical College, Silchar",Silchar,Assam,MBBS,All India,EWS,18906,24353,6
"Silchar Medical College, Silchar",Silchar,Assam,MBBS,All India,General,6603,21861,15
"Silchar Medical College, Silchar",Silchar,Assam,MBBS,All India,OBC,16402,23180,12
"Silchar Medical College, Silchar",Silchar,Assam,MBBS,All India,SC,51745,65696,3
"Silchar Medical College, Silchar",Silchar,Assam,MBBS,All India,ST,58497,84636,4
"Soban Singh jeena Government institute of Medical science & Research, Almora",Almora,Uttarakhand,MBBS,All India,EWS,13823,15286,2
"Soban Singh jeena Government institute of Medical science & Research, Almora",Almora,Uttarakhand,MBBS,All India,General,8387,14833,14
"Soban Singh jeena Government institute of Medical science & Research, Almora",Almora,Uttarakhand,MBBS,All India,OBC,12715,16037,8
"Soban Singh jeena Government institute of Medical science & Research, Almora",Almora,Uttarakhand,MBBS,All India,SC,62852,86899,4
"Soban Singh jeena Government institute of Medical science & Research, Almora",Almora,Uttarakhand,MBBS,All India,ST,86684,103704,2
"Sree Balaji Dental College and Hospital, Chennai",Chennai,Tamil Nadu,BDS,Self-Financed Merit Seat,General,209616,887605,139
"Sree Balaji Medical College and Hospital, Chennai",Chennai,Tamil Nadu,MBBS,Self-Financed Merit Seat,General,179400,1190129,368
"Sri Bhausaheb Hire Government Medical College, Dhule",Dhule,Maharashtra,MBBS,All India,EWS,16246,20875,6
"Sri Bhausaheb Hire Government Medical College, Dhule",Dhule,Maharashtra,MBBS,All India,General,11162,17095,13
"Sri Bhausaheb Hire Government Medical College, Dhule",Dhule,Maharashtra,MBBS,All India,OBC,13927,18192,10
"Sri Bhausaheb Hire Government Medical College, Dhule",Dhule,Maharashtra,MBBS,All India,SC,76215,96169,6
"Sri Bhausaheb Hire Government Medical College, Dhule",Dhule,Maharashtra,MBBS,All India,ST,103088,104569,4
"Sri Devaraj URS Medical College, Kolar",Kolar,Karnataka,MBBS,Non-Resident Indian,General,507792,788472,5
"Sri Devaraj URS Medical College, Kolar",Kolar,Karnataka,MBBS,Self-Financed Merit Seat,General,78739,334068,383
"Sri Jagannath Medical College & Hospital, Puri",Puri,Odisha,MBBS,All India,EWS,12013,14396,4
"Sri Jagannath Medical College & Hospital, Puri",Puri,Odisha,MBBS,All India,General,6324,12212,12
"Sri Jagannath Medical College & Hospital, Puri",Puri,Odisha,MBBS,All India,OBC,8871,13531,8
"Sri Jagannath Medical College & Hospital, Puri",Puri,Odisha,MBBS,All India,SC,42387,84284,4
"Sri Jagannath Medical College & Hospital, Puri",Puri,Odisha,MBBS,All India,ST,112712,119397,2
"Sri Lakshmi Narayana Institute of Medical Sciences, Pondicherry",Pondicherry,Puducherry,MBBS,Self-Financed Merit Seat,General,167005,1187171,147
"Sri Ramachandra Dental and Hospt., Chennai",Chennai,Tamil Nadu,BDS,Non-Resident Indian,General,865168,927001,3
"Sri Ramachandra Dental and Hospt., Chennai",Chennai,Tamil Nadu,BDS,Self-Financed Merit Seat,General,120776,496403,107
"Sri Ramachandra Medical College & Research Institute, Chennai",Chennai,Tamil Nadu,MBBS,Non-Resident Indian,General,389274,983126,29
"Sri Ramachandra Medical College & Research Institute, Chennai",Chennai,Tamil Nadu,MBBS,Self-Financed Merit Seat,General,2780,395940,288
"Sri Siddhartha DentalCollege, Tumkur",Tumkur,Karnataka,BDS,Non-Resident Indian,General,886356,886356,1
"Sri Siddhartha DentalCollege, Tumkur",Tumkur,Karnataka,BDS,Self-Financed Merit Seat,General,379238,809450,56
"Sri Siddhartha Medical College, Tumkur",Tumkur,Karnataka,MBBS,Non-Resident Indian,General,721453,725512,2
"Sri Siddhartha Medical College, Tumkur",Tumkur,Karnataka,MBBS,Self-Financed Merit Seat,General,70298,379645,369
"Sri siddhartha Institute of Medical Sciences & Research Centre, Bangalore",Bangalore,Karnataka,MBBS,Self-Financed Merit Seat,General,76096,507813,405
Srinivasan Medical College and Hospital,,Tamil Nadu,MBBS,Self-Financed Merit Seat,General,154216,1194179,226
"Stanley Medical College, Chennai",Chennai,Tamil Nadu,MBBS,All India,EWS,4867,8777,8
"Stanley Medical College, Chennai",Chennai,Tamil Nadu,MBBS,All India,General,693,4308,28
"Stanley Medical College, Chennai",Chennai,Tamil Nadu,MBBS,All India,OBC,1181,4987,18
"Stanley Medical College, Chennai",Chennai,Tamil Nadu,MBBS,All India,SC,4671,27762,10
"Stanley Medical College, Chennai",Chennai,Tamil Nadu,MBBS,All India,ST,24304,61551,4
Sundarlal Patwa Govt. Medical College,,Madhya Pradesh,MBBS,All India,EWS,16179,20312,4
Sundarlal Patwa Govt. Medical College,,Madhya Pradesh,MBBS,All India,General,12068,16270,10
Sundarlal Patwa Govt. Medical College,,Madhya Pradesh,MBBS,All India,OBC,14830,16431,6
Sundarlal Patwa Govt. Medical College,,Madhya Pradesh,MBBS,All India,SC,73041,76523,3
Sundarlal Patwa Govt. Medical College,,Madhya Pradesh,MBBS,All India,ST,102852,104543,4
"Symbiosis Medical College for Women, Pune",Pune,Maharashtra,MBBS,Non-Resident Indian,General,559926,987122,18
"Symbiosis Medical College for Women, Pune",Pune,Maharashtra,MBBS,Self-Financed Merit Seat,General,13691,57741,216
"T D Medical College, Alleppey (Allappuzha)",Alleppey (Allappuzha),Kerala,MBBS,All India,EWS,12574,19979,2
"T D Medical College, Alleppey (Allappuzha)",Alleppey (Allappuzha),Kerala,MBBS,All India,General,3675,10699,20
"T D Medical College, Alleppey (Allappuzha)",Alleppey (Allappuzha),Kerala,MBBS,All India,OBC,4477,11230,12
"T D Medical College, Alleppey (Allappuzha)",Alleppey (Allappuzha),Kerala,MBBS,All India,SC,51941,90422,7
"T D Medical College, Alleppey (Allappuzha)",Alleppey (Allappuzha),Kerala,MBBS,All India,ST,87184,100414,4
"TAMILNADU GOVT D.C. & HOSP, CHENNAI",CHENNAI,Tamil Nadu,BDS,All India,EWS,27190,46674,2
"TAMILNADU GOVT D.C. & HOSP, CHENNAI",CHENNAI,Tamil Nadu,BDS,All India,General,6930,38094,14
"TAMILNADU GOVT D.C. & HOSP, CHENNAI",CHENNAI,Tamil Nadu,BDS,All India,OBC,24528,41263,8
"TAMILNADU GOVT D.C. & HOSP, CHENNAI",CHENNAI,Tamil Nadu,BDS,All India,SC,108509,145526,4
"TAMILNADU GOVT D.C. & HOSP, CHENNAI",CHENNAI,Tamil Nadu,BDS,All India,ST,160023,188418,2
Tamralipto Government Medical College & Hospital,,West Bengal,MBBS,All India,EWS,22838,24428,4
Tamralipto Government Medical College & Hospital,,West Bengal,MBBS,All India,General,18052,23154,19
Tamralipto Government Medical College & Hospital,,West Bengal,MBBS,All India,OBC,20059,23580,12
Tamralipto Government Medical College & Hospital,,West Bengal,MBBS,All India,SC,99466,114429,6
Tamralipto Government Medical College & Hospital,,West Bengal,MBBS,All India,ST,119397,122976,2
"Tezpur Medical College & Hospital, Tezpur",Tezpur,Assam,MBBS,All India,EWS,21779,24732,2
"Tezpur Medical College & Hospital, Tezpur",Tezpur,Assam,MBBS,All India,General,17735,23809,16
"Tezpur Medical College & Hospital, Tezpur",Tezpur,Assam,MBBS,All India,OBC,19858,24004,12
"Tezpur Medical College & Hospital, Tezpur",Tezpur,Assam,MBBS,All India,SC,90887,118053,6
"Tezpur Medical College & Hospital, Tezpur",Tezpur,Assam,MBBS,All India,ST,63232,113618,2
Thaimoogambigai Dental College and Hsopt. Chennai,,Tamil Nadu,BDS,Self-Financed Merit Seat,General,128351,1045111,149
"Thanjavur Medical College, Thanjavur",Thanjavur,Tamil Nadu,MBBS,All India,EWS,14928,25954,4
"Thanjavur Medical College, Thanjavur",Thanjavur,Tamil Nadu,MBBS,All India,General,3816,13604,18
"Thanjavur Medical College, Thanjavur",Thanjavur,Tamil Nadu,MBBS,All India,OBC,4784,15233,12
"Thanjavur Medical College, Thanjavur",Thanjavur,Tamil Nadu,MBBS,All India,SC,19764,69107,6
"Thanjavur Medical College, Thanjavur",Thanjavur,Tamil Nadu,MBBS,All India,ST,107990,120742,4
"Theni Government Medical College, Theni",Theni,Tamil Nadu,MBBS,All India,EWS,20907,27073,2
"Theni Government Medical College, Theni",Theni,Tamil Nadu,MBBS,All India,General,4282,16300,14
"Theni Government Medical College, Theni",Theni,Tamil Nadu,MBBS,All India,OBC,8133,16549,8
"Theni Government Medical College, Theni",Theni,Tamil Nadu,MBBS,All India,SC,34214,98269,4
"Theni Government Medical College, Theni",Theni,Tamil Nadu,MBBS,All India,ST,119601,119985,2
"Thiruvarur Govt. Medical College, Thiruvarur",Thiruvarur,Tamil Nadu,MBBS,All India,EWS,26108,28570,4
"Thiruvarur Govt. Medical College, Thiruvarur",Thiruvarur,Tamil Nadu,MBBS,All India,General,5665,19257,10
"Thiruvarur Govt. Medical College, Thiruvarur",Thiruvarur,Tamil Nadu,MBBS,All India,OBC,10597,20466,6
"Thiruvarur Govt. Medical College, Thiruvarur",Thiruvarur,Tamil Nadu,MBBS,All India,SC,61156,110868,6
"Thiruvarur Govt. Medical College, Thiruvarur",Thiruvarur,Tamil Nadu,MBBS,All India,ST,125075,125075,2
"Thoothukudi Medical College, Thoothukudi",Thoothukudi,Tamil Nadu,MBBS,All India,EWS,22929,28380,4
"Thoothukudi Medical College, Thoothukudi",Thoothukudi,Tamil Nadu,MBBS,All India,General,3168,17425,16
"Thoothukudi Medical College, Thoothukudi",Thoothukudi,Tamil Nadu,MBBS,All India,OBC,10236,17801,12
"Thoothukudi Medical College, Thoothukudi",Thoothukudi,Tamil Nadu,MBBS,All India,SC,42931,108520,6
"Thoothukudi Medical College, Thoothukudi",Thoothukudi,Tamil Nadu,MBBS,All India,ST,121265,131172,4
Tinsukia Medical College - Assam Pin - 786146,,Assam,MBBS,All India,EWS,24678,26248,4
Tinsukia Medical College - Assam Pin - 786146,,Assam,MBBS,All India,General,20700,25043,12
Tinsukia Medical College - Assam Pin - 786146,,Assam,MBBS,All India,OBC,22664,25632,8
Tinsukia Medical College - Assam Pin - 786146,,Assam,MBBS,All India,SC,89351,119436,4
Tinsukia Medical College - Assam Pin - 786146,,Assam,MBBS,All India,ST,119678,119678,2
"Tirunelveli Medical College, Tirunelveli",Tirunelveli,Tamil Nadu,MBBS,All India,EWS,21068,26389,6
"Tirunelveli Medical College, Tirunelveli",Tirunelveli,Tamil Nadu,MBBS,All India,General,1389,15227,27
"Tirunelveli Medical College, Tirunelveli",Tirunelveli,Tamil Nadu,MBBS,All India,OBC,6239,16162,20
"Tirunelveli Medical College, Tirunelveli",Tirunelveli,Tamil Nadu,MBBS,All India,SC,27762,80626,8
"Tirunelveli Medical College, Tirunelveli",Tirunelveli,Tamil Nadu,MBBS,All India,ST,96092,121020,4
"Topiwala National Medical College, Mumbai",Mumbai,Maharashtra,MBBS,All India,EWS,5289,10956,4
"Topiwala National Medical College, Mumbai",Mumbai,Maharashtra,MBBS,All India,General,2538,4822,16
"Topiwala National Medical College, Mumbai",Mumbai,Maharashtra,MBBS,All India,OBC,4904,7451,12
"Topiwala National Medical College, Mumbai",Mumbai,Maharashtra,MBBS,All India,SC,23852,50915,8
"Topiwala National Medical College, Mumbai",Mumbai,Maharashtra,MBBS,All India,ST,63012,75155,4
Uma Nath Singh Autonomous State Medical College Society Jaunpur,,Uttar Pradesh,MBBS,All India,EWS,16154,19866,4
Uma Nath Singh Autonomous State Medical College Society Jaunpur,,Uttar Pradesh,MBBS,All India,General,14048,18087,12
Uma Nath Singh Autonomous State Medical College Society Jaunpur,,Uttar Pradesh,MBBS,All India,OBC,16077,18684,8
Uma Nath Singh Autonomous State Medical College Society Jaunpur,,Uttar Pradesh,MBBS,All India,SC,80707,89056,4
Uma Nath Singh Autonomous State Medical College Society Jaunpur,,Uttar Pradesh,MBBS,All India,ST,98228,106133,2
"University College of Medical Sciences & GTB Hospital, New Delhi",New Delhi,Delhi,MBBS,All India,EWS,993,1271,4
"University College of Medical Sciences & GTB Hospital, New Delhi",New Delhi,Delhi,MBBS,All India,General,196,435,15
"University College of Medical Sciences & GTB Hospital, New Delhi",New Delhi,Delhi,MBBS,All India,OBC,481,926,12
"University College of Medical Sciences & GTB Hospital, New Delhi",New Delhi,Delhi,MBBS,All India,SC,3611,8343,5
"University College of Medical Sciences & GTB Hospital, New Delhi",New Delhi,Delhi,MBBS,All India,ST,9102,14235,4
"University College of Medical Sciences & GTB Hospital, New Delhi",New Delhi,Delhi,MBBS,Delhi NCR Children/Wid ows of Personnel of the Armed Forces (CW) DU Quota,General,323362,382408,2
"University College of Medical Sciences & GTB Hospital, New Delhi",New Delhi,Delhi,MBBS,Delhi NCR Children/Widows of Personnel of the Armed Forces (CW) DU Quota,General,289422,382408,3
"University College of Medical Sciences & GTB Hospital, New Delhi",New Delhi,Delhi,MBBS,Delhi NCR Children/Widows of Personnel of the Armed Forces (CW) DU Quota,OBC,13216,570096,2
"University College of Medical Sciences & GTB Hospital, New Delhi",New Delhi,Delhi,MBBS,Delhi NCR Children/Widows of Personnel of the Armed Forces (CW) DU Quota,SC,124962,124962,1
"University College of Medical Sciences & GTB Hospital, New Delhi",New Delhi,Delhi,MBBS,Delhi University Quota,EWS,5096,6151,16
"University College of Medical Sciences & GTB Hospital, New Delhi",New Delhi,Delhi,MBBS,Delhi University Quota,General,2598,4974,101
"University College of Medical Sciences & GTB Hospital, New Delhi",New Delhi,Delhi,MBBS,Delhi University Quota,OBC,6367,11024,57
"University College of Medical Sciences & GTB Hospital, New Delhi",New Delhi,Delhi,MBBS,Delhi University Quota,SC,42557,58638,32
"University College of Medical Sciences & GTB Hospital, New Delhi",New Delhi,Delhi,MBBS,Delhi University Quota,ST,75216,109421,18
"Uttar Pradesh University of Medical Sciences, (Prev. UP Rural Inst.of Med.Sc&R) Etawah",(Prev. UP Rural Inst.of Med.Sc&R) Etawah,Uttar Pradesh,MBBS,All India,EWS,9278,12303,6
"Uttar Pradesh University of Medical Sciences, (Prev. UP Rural Inst.of Med.Sc&R) Etawah",(Prev. UP Rural Inst.of Med.Sc&R) Etawah,Uttar Pradesh,MBBS,All India,General,4592,10269,22
"Uttar Pradesh University of Medical Sciences, (Prev. UP Rural Inst.of Med.Sc&R) Etawah",(Prev. UP Rural Inst.of Med.Sc&R) Etawah,Uttar Pradesh,MBBS,All India,OBC,7877,10880,16
"Uttar Pradesh University of Medical Sciences, (Prev. UP Rural Inst.of Med.Sc&R) Etawah",(Prev. UP Rural Inst.of Med.Sc&R) Etawah,Uttar Pradesh,MBBS,All India,SC,49305,69242,8
"Uttar Pradesh University of Medical Sciences, (Prev. UP Rural Inst.of Med.Sc&R) Etawah",(Prev. UP Rural Inst.of Med.Sc&R) Etawah,Uttar Pradesh,MBBS,All India,ST,76807,76807,2
"VARDHMAN INSTITUTE OF MEDICAL SCIENCES, NALANDA",NALANDA,Bihar,MBBS,All India,EWS,12152,15096,2
"VARDHMAN INSTITUTE OF MEDICAL SCIENCES, NALANDA",NALANDA,Bihar,MBBS,All India,General,2176,12976,16
"VARDHMAN INSTITUTE OF MEDICAL SCIENCES, NALANDA",NALANDA,Bihar,MBBS,All India,OBC,9362,14464,8
"VARDHMAN INSTITUTE OF MEDICAL SCIENCES, NALANDA",NALANDA,Bihar,MBBS,All India,SC,55019,76973,6
"VARDHMAN INSTITUTE OF MEDICAL SCIENCES, NALANDA",NALANDA,Bihar,MBBS,All India,ST,34211,40046,2
VELS Medical College & Hospital,,Tamil Nadu,MBBS,Self-Financed Merit Seat,General,282331,1190153,349
"VMS Dental College, Salem",Salem,Tamil Nadu,BDS,Self-Financed Merit Seat,General,254067,1176035,150
"Vardhman Mahavir Medical College & Safdarjung Hospital, Delhi",Delhi,Delhi,MBBS,All India,EWS,476,633,2
"Vardhman Mahavir Medical College & Safdarjung Hospital, Delhi",Delhi,Delhi,MBBS,All India,General,56,124,13
"Vardhman Mahavir Medical College & Safdarjung Hospital, Delhi",Delhi,Delhi,MBBS,All India,OBC,205,345,8
"Vardhman Mahavir Medical College & Safdarjung Hospital, Delhi",Delhi,Delhi,MBBS,All India,SC,876,1375,5
"Vardhman Mahavir Medical College & Safdarjung Hospital, Delhi",Delhi,Delhi,MBBS,All India,ST,1077,2273,4
"Vardhman Mahavir Medical College & Safdarjung Hospital, Delhi",Delhi,Delhi,MBBS,Delhi NCR Children/Widows of Personnel of the Armed Forces (CW) IP Quota,General,66531,796023,3
"Vardhman Mahavir Medical College & Safdarjung Hospital, Delhi",Delhi,Delhi,MBBS,Delhi NCR Children/Widows of Personnel of the Armed Forces (CW) IP Quota,OBC,375999,375999,1
"Vardhman Mahavir Medical College & Safdarjung Hospital, Delhi",Delhi,Delhi,MBBS,IP University Quota,EWS,1917,3878,14
"Vardhman Mahavir Medical College & Safdarjung Hospital, Delhi",Delhi,Delhi,MBBS,IP University Quota,General,140,1381,52
"Vardhman Mahavir Medical College & Safdarjung Hospital, Delhi",Delhi,Delhi,MBBS,IP University Quota,OBC,1450,4127,37
"Vardhman Mahavir Medical College & Safdarjung Hospital, Delhi",Delhi,Delhi,MBBS,IP University Quota,SC,1464,23604,20
"Vardhman Mahavir Medical College & Safdarjung Hospital, Delhi",Delhi,Delhi,MBBS,IP University Quota,ST,25762,64896,10
"Veer Chandra Singh Garhwali Govt. Medical Sc. & Research Instt, Srinagar, Pauri Garhwal",Pauri Garhwal,Jammu and Kashmir,MBBS,All India,EWS,12280,13921,4
"Veer Chandra Singh Garhwali Govt. Medical Sc. & Research Instt, Srinagar, Pauri Garhwal",Pauri Garhwal,Jammu and Kashmir,MBBS,All India,General,5810,12193,14
"Veer Chandra Singh Garhwali Govt. Medical Sc. & Research Instt, Srinagar, Pauri Garhwal",Pauri Garhwal,Jammu and Kashmir,MBBS,All India,OBC,11557,15395,12
"Veer Chandra Singh Garhwali Govt. Medical Sc. & Research Instt, Srinagar, Pauri Garhwal",Pauri Garhwal,Jammu and Kashmir,MBBS,All India,SC,54204,82826,8
"Veer Chandra Singh Garhwali Govt. Medical Sc. & Research Instt, Srinagar, Pauri Garhwal",Pauri Garhwal,Jammu and Kashmir,MBBS,All India,ST,81349,103675,4
"Veer Surendra Sai Institute of Medical Sciences and Research, Burla",Burla,Odisha,MBBS,All India,EWS,6452,13732,8
"Veer Surendra Sai Institute of Medical Sciences and Research, Burla",Burla,Odisha,MBBS,All India,General,3103,9781,26
"Veer Surendra Sai Institute of Medical Sciences and Research, Burla",Burla,Odisha,MBBS,All India,OBC,6386,12344,20
"Veer Surendra Sai Institute of Medical Sciences and Research, Burla",Burla,Odisha,MBBS,All India,SC,33010,90598,11
"Veer Surendra Sai Institute of Medical Sciences and Research, Burla",Burla,Odisha,MBBS,All India,ST,91831,114169,6
"Vijaynagar Institute of Medical Sciences, Bellary",Bellary,Karnataka,MBBS,All India,EWS,13579,23083,8
"Vijaynagar Institute of Medical Sciences, Bellary",Bellary,Karnataka,MBBS,All India,General,4606,17882,30
"Vijaynagar Institute of Medical Sciences, Bellary",Bellary,Karnataka,MBBS,All India,OBC,11746,20003,17
"Vijaynagar Institute of Medical Sciences, Bellary",Bellary,Karnataka,MBBS,All India,SC,46024,85921,12
"Vijaynagar Institute of Medical Sciences, Bellary",Bellary,Karnataka,MBBS,All India,ST,64312,86021,4
"Vinayaka Missions Kirupananda Variyar Medical College, Salem",Salem,Tamil Nadu,MBBS,Self-Financed Merit Seat,General,73351,1189764,276
"Vinayaka Missions Medical College, Karaikal, Pondicherry",Pondicherry,Puducherry,MBBS,Self-Financed Merit Seat,General,127416,991201,356
Virendra Kumar Sakhlecha Government Medical College,,Madhya Pradesh,MBBS,All India,EWS,13733,19295,4
Virendra Kumar Sakhlecha Government Medical College,,Madhya Pradesh,MBBS,All India,General,10579,14394,10
Virendra Kumar Sakhlecha Government Medical College,,Madhya Pradesh,MBBS,All India,OBC,13630,16538,8
Virendra Kumar Sakhlecha Government Medical College,,Madhya Pradesh,MBBS,All India,SC,72464,74222,2
Virendra Kumar Sakhlecha Government Medical College,,Madhya Pradesh,MBBS,All India,ST,98103,98103,2
"Yadgiri Institute of Medical Sciences, Yadgiri",Yadgiri,Karnataka,MBBS,All India,EWS,19247,27771,6
"Yadgiri Institute of Medical Sciences, Yadgiri",Yadgiri,Karnataka,MBBS,All India,General,15715,23162,16
"Yadgiri Institute of Medical Sciences, Yadgiri",Yadgiri,Karnataka,MBBS,All India,OBC,19735,23578,12
"Yadgiri Institute of Medical Sciences, Yadgiri",Yadgiri,Karnataka,MBBS,All India,SC,97624,112694,6
"Yadgiri Institute of Medical Sciences, Yadgiri",Yadgiri,Karnataka,MBBS,All India,ST,112832,124561,4
"Yenepoya Dental College, Yenepoya",Yenepoya,Karnataka,BDS,Muslim Minority Quota,General,156090,698015,37
"Yenepoya Dental College, Yenepoya",Yenepoya,Karnataka,BDS,Non-Resident Indian,General,828714,988165,3
"Yenepoya Dental College, Yenepoya",Yenepoya,Karnataka,BDS,Self-Financed Merit Seat,General,196023,774605,91
"Yenepoya Medical College, Mangalore",Mangalore,Karnataka,MBBS,Muslim Minority Quota,General,106241,420931,102
"Yenepoya Medical College, Mangalore",Mangalore,Karnataka,MBBS,Non-Resident Indian,General,510110,924010,8
"Yenepoya Medical College, Mangalore",Mangalore,Karnataka,MBBS,Self-Financed Merit Seat,General,90844,400278,192
"Zoram Medical College, Mizoram",Mizoram,Mizoram,MBBS,All India,EWS,21368,28052,2
"Zoram Medical College, Mizoram",Mizoram,Mizoram,MBBS,All India,General,19749,25519,14
"Zoram Medical College, Mizoram",Mizoram,Mizoram,MBBS,All India,OBC,21711,25745,8
"Zoram Medical College, Mizoram",Mizoram,Mizoram,MBBS,All India,SC,101352,107563,4
"Zoram Medical College, Mizoram",Mizoram,Mizoram,MBBS,All India,ST,108403,108403,2
